topic,sentiment_mean,sentiment_std,subjectivity_mean,subjectivity_std,counting
Adaptation,0.10722259443158494,0.8307191279319691,0.07169828120700077,0.7414414117792214,49.0
Causes,-0.06657975515927211,0.8435889551738112,0.06983623842814601,0.832663655573753,49.0
Hazard,0.026954704385915275,0.90462565855186,0.04869375545870078,0.9163403559927583,998.0
Impacts,-0.0377908448514159,0.8022504297235911,-0.05279709074391444,0.8872692577985053,184.0
Mitigation,-0.0733034499086577,0.9361903530316775,0.20658334167020168,0.8674117101986485,103.0
