topic,sentiment_mean,sentiment_std,subjectivity_mean,subjectivity_std,counting
Adaptation,0.045280667800533136,0.8654377252699661,0.12484773120568655,0.7224986482699782,32.0
Causes,-0.01811947479040473,0.9461759287089446,0.10221656529915081,0.8727726838411723,39.0
Hazard,0.02938835513620643,0.8827386490638964,0.06153741008072881,0.8804977050431099,592.0
Impacts,-9.413053223373507e-05,0.7541540856762607,-0.05371769788498889,0.9263320082089702,133.0
Mitigation,-0.10615920623857898,0.8885517480220347,0.20319183817323316,0.8541151296621425,68.0
