topic,sentiment_mean,sentiment_std,subjectivity_mean,subjectivity_std,counting
Adaptation,0.10728793481686191,0.8165599095907101,0.0630549727245802,0.7410031110060409,49.0
Causes,-0.06581027314259165,0.8410866956441925,0.06645315390382049,0.8314901380628448,49.0
Hazard,0.027446568756593837,0.904765531033344,0.05310814456581601,0.9132726788916705,969.0
Impacts,-0.03443732343920684,0.8010099247338273,-0.05635141666693978,0.8964037525278384,181.0
Mitigation,-0.08118916511954785,0.9435890884621013,0.18501585330646186,0.885330520910886,100.0
