week,sentiment_mean,sentiment_std,subjectivity_mean,subjectivity_std,counting
2025-40,-0.10176980740895926,0.7184678412054186,-0.1668133077732082,0.6987579854154777,29.0
2025-41,0.12307202542535745,0.8589264180169001,0.14171721136574336,0.7812653840386636,47.0
2025-42,-0.02391651420352123,0.9047463919593632,0.23974626557149512,0.8884817914407439,29.0
2025-43,0.04481259211431818,0.6688794627880262,-0.03069464938405207,0.8091641360016828,52.0
2025-44,-0.0159751807985783,0.8273444960133157,0.08265553922634618,0.8017347574794925,121.0
2025-45,0.17246034271446906,1.0086686992518337,0.6077023400831261,0.5373790873766218,16.0
2025-46,0.06294293033601525,0.47037777527362074,0.10100912183280962,0.9531821167549619,19.0
2025-47,-0.1633461634567344,0.7475449499086807,-0.17406382795354589,0.893420010556349,11.0
