topic,sentiment_mean,sentiment_std,subjectivity_mean,subjectivity_std,counting
Adaptation,-0.10781100398654085,0.8511257858869798,0.22223205945244917,0.7054392624616894,28.0
Causes,-0.04375736846065161,0.9895125855616088,0.12281162411376798,0.7583967100729496,29.0
Hazard,0.04568125697133514,0.8673877568673458,0.040818353384350456,0.8857753071982998,376.0
Impacts,-0.005571598120978768,0.7045990653062798,-0.004292339432939447,0.8720735673716382,91.0
Mitigation,-0.06181339752406187,0.8703651445269258,0.2452943098734326,0.8376284395278532,48.0
