topic,sentiment_mean,sentiment_std,subjectivity_mean,subjectivity_std,counting
Adaptation,-0.023915766140934006,0.842864457674116,0.10747748457917843,0.7482860241826282,32.0
Causes,-0.053007665675043204,0.9344107109729436,0.07049824408144083,0.8523997299698162,38.0
Hazard,0.03606089047657727,0.8858491842357191,0.06343333710859814,0.8810239993536275,536.0
Impacts,0.0009165818454270928,0.7190850292662376,-0.05204552778852328,0.9038488630363819,119.0
Mitigation,-0.09172159746925154,0.8933469738844664,0.21360259358682965,0.8709903330671452,62.0
