topic,sentiment_mean,sentiment_std,subjectivity_mean,subjectivity_std,counting
Adaptation,0.13946228463571653,0.834097153953927,0.08951942428930794,0.7386694690632465,44.0
Causes,-0.06624904210941948,0.8748073616412753,0.07365557724192486,0.8401147015187032,47.0
Hazard,0.030323323052126015,0.8975327545319902,0.05835052756516248,0.910685410938212,892.0
Impacts,-0.04638789644201708,0.8024156786492433,-0.09565224678422252,0.8981995355833596,171.0
Mitigation,-0.09192143299680339,0.9530996225169964,0.21719570744583364,0.8612899286092079,93.0
