topic,sentiment_mean,sentiment_std,subjectivity_mean,subjectivity_std,counting
Adaptation,-0.0538211136088768,0.8460790400662019,0.15312404030393698,0.7365542814471437,28.0
Causes,-0.02146891241771347,0.9486064606655674,-0.018149839822200017,0.8376683446230688,36.0
Hazard,0.048000698154671236,0.8893113123921725,0.05159600005439151,0.8952361745374162,437.0
Impacts,-0.051374757546378234,0.7332011819263039,0.00038367389461193375,0.874117060255405,109.0
Mitigation,-0.07157863217681192,0.8397171489115343,0.2108962481867762,0.8358723054277659,55.0
