topic,sentiment_mean,sentiment_std,subjectivity_mean,subjectivity_std,counting
Adaptation,0.05269920499232055,0.832066561277103,0.037912925861861214,0.7114939002574253,38.0
Causes,-0.05630415611756129,0.8909136655561178,0.08801973542696036,0.8833249419395552,43.0
Hazard,0.03639171721012607,0.8914018728693315,0.05605325146620691,0.8967793768322099,708.0
Impacts,-0.004375817395933219,0.7623228443025697,-0.03134719283154592,0.9004019943208142,152.0
Mitigation,-0.14137994858473815,0.9277199705812824,0.2184338487811093,0.8595828746556493,82.0
