topic,sentiment_mean,sentiment_std,subjectivity_mean,subjectivity_std,counting
Adaptation,0.3944648439774554,0.9317148549143472,0.3242748521036627,0.6638272211248988,9.0
Causes,-0.061506915625539095,0.7612481547651848,0.29903497202141266,0.7019663670828231,23.0
Hazard,0.02779557474141547,0.7987860570308624,0.047095756471564276,0.8097683340786976,179.0
Impacts,0.0034016627626297057,0.6515966141375258,0.05686208707713938,0.804515855641199,55.0
Mitigation,-0.11084854006029303,0.7876955967350285,0.254163782668987,0.7330398295543364,25.0
