topic,sentiment_mean,sentiment_std,subjectivity_mean,subjectivity_std,counting
Adaptation,0.16270910120792312,0.9668610893609283,0.2767171022194836,0.7683673261744999,12.0
Causes,-0.077778310162613,0.8117060717714697,0.2350919789564263,0.619271241376953,24.0
Hazard,0.028241825391218615,0.8184051691165648,0.026940039696562397,0.8333830865763319,245.0
Impacts,0.0073910620013147195,0.6631450819413977,0.06529920664719159,0.8578312347478511,67.0
Mitigation,-0.14419344034278234,1.037745729911603,0.30054154684052975,0.8742763055751647,25.0
