topic,sentiment_mean,sentiment_std,subjectivity_mean,subjectivity_std,counting
Adaptation,0.3944648439774554,0.9317148549143472,0.3242748521036627,0.6638272211248988,9.0
Causes,-0.061506915625539095,0.7612481547651848,0.29903497202141266,0.7019663670828231,23.0
Hazard,0.030122521885707697,0.7961677802537568,0.04485077442517862,0.8077654651474458,176.0
Impacts,0.0015100645699937687,0.6484078373365738,0.058607171869135256,0.7903836451355802,55.0
Mitigation,-0.11973326296334137,0.7823008982512812,0.27178076050973876,0.7485500794347578,25.0
