topic,sentiment_mean,sentiment_std,subjectivity_mean,subjectivity_std,counting
Adaptation,0.040699413312288935,0.8614305724310923,0.1351709549465075,0.7314380956896565,32.0
Causes,-0.0628374254877778,0.9563047338711749,0.058342827777715135,0.8680846715328121,38.0
Hazard,0.024890126215035193,0.8785704916949797,0.05764365668646693,0.8770738510663346,569.0
Impacts,0.018072532989957046,0.7512020164926551,-0.025913292767743287,0.927341001383227,122.0
Mitigation,-0.07835507062081579,0.887513270260191,0.20225878885959164,0.8690710719932909,65.0
