topic,sentiment_mean,sentiment_std,subjectivity_mean,subjectivity_std,counting
Adaptation,-0.004216389615418362,0.8825067820601847,0.12808917078321674,0.7783197467988104,28.0
Causes,-0.0233458502275193,0.9471106493636214,0.05937916611481962,0.8854108974732516,37.0
Hazard,0.03748279888983176,0.8874567746444414,0.06086498389221939,0.8830456091473343,493.0
Impacts,-0.032101525267526305,0.7262672890872336,-0.030292956732832752,0.9066424543820084,113.0
Mitigation,-0.05189211296139058,0.8328132515398489,0.1851193928366554,0.8129465129144561,61.0
