topic,sentiment_mean,sentiment_std,subjectivity_mean,subjectivity_std,counting
Adaptation,-0.01995107146677336,0.8711199609611139,0.11140980627938434,0.7794533537795153,28.0
Causes,-0.021354195957072428,0.9604741407995572,0.0010833948292841814,0.8211037848255803,36.0
Hazard,0.04443828608379933,0.8875178425441468,0.06144517322390455,0.890271507341429,468.0
Impacts,-0.03960345639213975,0.7277150153024249,-0.02202345287998921,0.9045844604343399,113.0
Mitigation,-0.07892974884114588,0.8559644697892678,0.17850282054006208,0.8188430458157291,61.0
