topic,sentiment_mean,sentiment_std,subjectivity_mean,subjectivity_std,counting
Adaptation,0.3851315706927574,0.8789248777191827,0.40045086430529536,0.6706202163500208,10.0
Causes,-0.056860794141141625,0.7448632289537614,0.30115851485385375,0.6866154666819179,24.0
Hazard,0.02191270035269075,0.8035939236138646,0.048817661650365225,0.8070123314716157,184.0
Impacts,0.02781037109854074,0.6635508836393937,0.03498170214223617,0.8166272185409965,56.0
Mitigation,-0.13573044602461593,0.7852400670427935,0.2327148112872192,0.7586368681609904,25.0
