topic,sentiment_mean,sentiment_std,subjectivity_mean,subjectivity_std,counting
Adaptation,-0.12368605571661231,0.8677191040907328,0.20656309136510725,0.6955894188753426,28.0
Causes,-0.008344171796752954,0.989030140703355,0.09819871565664198,0.7654487739165572,30.0
Hazard,0.05143036286409736,0.878290162139421,0.03865371660721791,0.8916803295368397,418.0
Impacts,-0.049573322729852196,0.7161324536974413,0.006341845455490069,0.8709937150630649,103.0
Mitigation,-0.07295931162438687,0.8465352712367439,0.2287435969527298,0.8518712992089621,52.0
