topic,sentiment_mean,sentiment_std,subjectivity_mean,subjectivity_std,counting
Adaptation,0.09098727485724194,0.8132626684998812,0.07844716602092273,0.690774155212712,42.0
Causes,-0.03886432185016901,0.8804769346070497,0.056572601307494426,0.8564935085652656,46.0
Hazard,0.029756863020387794,0.8963198693275917,0.055133818921730256,0.9037521249809479,780.0
Impacts,-0.0008377635346099807,0.7961826647397237,-0.04664959849167268,0.91823671566479,162.0
Mitigation,-0.13249712880708434,0.9206744704838146,0.20753956572661306,0.8512505637188955,86.0
