topic,sentiment_mean,sentiment_std,subjectivity_mean,subjectivity_std,counting
Adaptation,0.10558632141177623,0.801762329341276,0.10254188725707156,0.7225157823431367,53.0
Causes,-0.04953759747606226,0.8236554530276041,0.059389174766982675,0.8168554456698338,55.0
Hazard,0.021378827602541627,0.9136184855240287,0.04038561951784128,0.9283453234739104,1096.0
Impacts,-0.011699431046704421,0.8075131027260162,-0.011319976493433498,0.8637206085866097,208.0
Mitigation,-0.07227750717554124,0.9223931122260113,0.20021201417234252,0.8662243193216703,112.0
