week,sentiment_mean,sentiment_std,subjectivity_mean,subjectivity_std,counting
2025-40,-0.10895272536453562,0.7234242751326293,-0.1799570099291027,0.6820508655121329,29.0
2025-41,0.1203841711624969,0.8163672830474353,0.1732841798563821,0.7962775754429151,47.0
2025-42,-0.017900487885557613,0.837035735440284,0.2056317361308829,0.9236849532143834,29.0
2025-43,0.047595355758121974,0.6400162766383455,-0.027438990212630146,0.8029166548655349,52.0
2025-44,-0.015707556188309938,0.8012159857287674,0.06672235945465275,0.7901507382538246,120.0
2025-45,0.14732769803097318,1.0218245985034613,0.6030851509113275,0.5463692705363596,15.0
2025-46,-0.013795277762320356,0.34614078151897215,0.49665027501218434,0.4894690933053223,7.0
