topic,sentiment_mean,sentiment_std,subjectivity_mean,subjectivity_std,counting
Adaptation,0.06050221725642978,0.8402541695572403,0.04236658468853247,0.708153778158487,38.0
Causes,-0.05335119115172138,0.8995241698298481,0.09016286263629718,0.8779468370827873,43.0
Hazard,0.03458743939287749,0.8902540602051658,0.05626824708941692,0.8967823377760133,704.0
Impacts,0.001547314581503761,0.7684373196860099,-0.03902931262507925,0.9048031335506765,150.0
Mitigation,-0.13888258564945527,0.9283587640028101,0.21652902137189575,0.8623220293570362,81.0
