topic,sentiment_mean,sentiment_std,subjectivity_mean,subjectivity_std,counting
Adaptation,0.7064961010369076,0.8922809947542204,0.5648943010876394,0.7820676170685757,4.0
Causes,-0.7449827781630486,0.8676481767692575,0.5249718003788314,1.3361814122493771,3.0
Hazard,-0.029391745907542982,0.7110893738581388,0.08711436201790645,0.7396147922557216,87.0
Impacts,0.14769147864742693,0.7195648490252053,0.030611496716852028,0.6851553304764464,11.0
Mitigation,0.07282239956969912,0.5630648113699744,0.39890708787974444,0.7617782298186142,5.0
