topic,sentiment_mean,sentiment_std,subjectivity_mean,subjectivity_std,counting
Adaptation,0.1103058061899474,0.8186978644268472,0.09094660852340018,0.7258650093188244,52.0
Causes,-0.07992824282771531,0.8315994888003211,0.054865316854670436,0.8287898619820139,53.0
Hazard,0.02609998487651979,0.9098101835753564,0.04258560131607193,0.9238636680383597,1053.0
Impacts,-0.02560451073929659,0.8092702860573927,-0.02268608757617189,0.8713298693153909,204.0
Mitigation,-0.07484348130801564,0.9191269649386902,0.21770327454574098,0.8639496951908328,109.0
