topic,sentiment_mean,sentiment_std,subjectivity_mean,subjectivity_std,counting
Adaptation,-0.07419044363335785,0.9665833408060174,0.3414069806585894,0.7447490620300603,20.0
Causes,-0.024659636158751875,0.9448011020030712,0.19439009583448835,0.6960787533326722,29.0
Hazard,0.04546440230932847,0.8566367553088207,0.03204031725909421,0.8838738917371359,345.0
Impacts,0.009637890083097175,0.702929296912764,0.03561105050423814,0.8202178529789919,89.0
Mitigation,-0.09630966503932462,0.8617439495591399,0.2623949973235238,0.8564022716907674,43.0
