topic,sentiment_mean,sentiment_std,subjectivity_mean,subjectivity_std,counting
Adaptation,-0.021409794980062305,1.091442916296833,0.30911377122729944,0.7658011275524013,13.0
Causes,0.027755515799564034,0.9237113269892906,0.2637391703889609,0.6105869268295344,28.0
Hazard,0.02552872085836458,0.8274451012981665,0.03813613966026218,0.8625910447658272,272.0
Impacts,0.01640946755360646,0.6875351533919253,0.030277310863680528,0.8387792484016481,80.0
Mitigation,-0.1434277495358726,1.0286970183816604,0.2850018495965665,0.8555126417121248,25.0
