week,sentiment_mean,sentiment_std,subjectivity_mean,subjectivity_std,counting
2025-40,-0.06766441841961665,0.6083055416746741,-0.12015507190877062,0.679425668067583,21.0
2025-41,0.14474512970537112,0.9126027650892509,0.4891555043339488,0.6412073978069446,15.0
2025-42,-0.17311442443011751,0.7933758483159676,0.07683932038620503,1.0487433142213987,9.0
2025-43,-0.06341776915327633,0.6809109503264584,0.036500067727726404,0.7586315305952621,28.0
2025-44,0.062029390901665406,0.7557859957733819,0.17960294060243065,0.7232661485297932,40.0
