topic,sentiment_mean,sentiment_std,subjectivity_mean,subjectivity_std,counting
Adaptation,0.29913847448232084,0.9304147351387233,0.3999902638639677,0.7760752435672501,12.0
Causes,-0.0746055810334833,0.7510258063609976,0.2429312752585893,0.6496059727282418,24.0
Hazard,0.034936476281863325,0.8171898202012545,0.046458611064386125,0.8100684817009182,202.0
Impacts,-0.00371539484274272,0.6649408958504904,-0.006087048742089471,0.8583499178067117,61.0
Mitigation,-0.15737774916700736,0.8607753510664746,0.29060434412438146,0.8024277720127054,25.0
