topic,sentiment_mean,sentiment_std,subjectivity_mean,subjectivity_std,counting
Adaptation,0.13221616790043006,0.8439503810601521,0.09863733490624087,0.7218929152341488,43.0
Causes,-0.04875201649597658,0.877828233303648,0.05828145713414587,0.837129850912107,46.0
Hazard,0.031549360424340124,0.8951520652286287,0.05616520554777475,0.9113930161905854,839.0
Impacts,-0.034212071992412524,0.8081299362355313,-0.07777693095152632,0.899195764357343,170.0
Mitigation,-0.11892796815232215,0.9386603990994398,0.22386081433168076,0.8403481594127197,89.0
