week,sentiment_mean,sentiment_std,subjectivity_mean,subjectivity_std,counting
2025-40,-0.1048359877303524,0.7213108344934296,-0.1663516058016802,0.65850535400578,29.0
2025-41,0.10888276775182466,0.790393717476174,0.20624514702367133,0.7728154215934875,47.0
2025-42,-0.007473785031637839,0.8488368000616432,0.2047733771742385,0.9231420908751736,29.0
2025-43,0.03941946550078846,0.6298429890028288,-0.024568612263881774,0.8059051349752435,51.0
2025-44,-0.014196386126576624,0.7919542841603626,0.07281220994564988,0.7840547427845713,120.0
2025-45,0.15729848573142124,0.9898458901677666,0.6277139027910693,0.5622510955558047,15.0
