topic,sentiment_mean,sentiment_std,subjectivity_mean,subjectivity_std,counting
Adaptation,-0.03302066527919845,1.0232375671291136,0.2735728063379619,0.7111852034086962,17.0
Causes,0.014803010567992398,0.9620062312288945,0.24130500670127172,0.6306010167307673,29.0
Hazard,0.033062665675617234,0.8344086866823051,0.030153238793434872,0.8769881719930578,314.0
Impacts,0.027266604942310976,0.7082809347702321,0.024920317607299392,0.8256522698701354,84.0
Mitigation,-0.08418767186377396,0.9200559707694036,0.30432619663348087,0.8821169786221106,38.0
