topic,sentiment_mean,sentiment_std,subjectivity_mean,subjectivity_std,counting
Adaptation,0.7198822237323512,0.9182840711672925,0.5794673628789647,0.8090345866864528,4.0
Causes,-0.696009767491787,0.8290313767015864,0.5661096862981222,1.3332441499578072,3.0
Hazard,-0.020346586586186197,0.71518352895066,0.08875812660154155,0.7378203923035337,88.0
Impacts,0.14769147864742693,0.7195648490252053,0.030611496716852028,0.6851553304764464,11.0
Mitigation,-0.1039905427598452,0.6296224785413191,0.22115847766331503,0.8242498199622297,7.0
