topic,sentiment_mean,sentiment_std,subjectivity_mean,subjectivity_std,counting
Adaptation,0.14869406893540238,0.8253325886012797,0.0768715930809869,0.7493100097748808,45.0
Causes,-0.071937029316587,0.8641367892386916,0.06336636957156634,0.8338638635529398,48.0
Hazard,0.030144878429822355,0.8979194175765807,0.0568537198709084,0.9113523852506618,906.0
Impacts,-0.047425575560430304,0.8016477583901993,-0.08117116457792083,0.8994931073615579,175.0
Mitigation,-0.0851820005923032,0.9698040451508428,0.21273309756312023,0.8697986413604781,97.0
