topic,sentiment_mean,sentiment_std,subjectivity_mean,subjectivity_std,counting
Adaptation,0.10511133281326092,0.7879858939215985,0.0939145861248179,0.7126260490406522,60.0
Causes,-0.0872442848386742,0.8727172547599714,0.023797882139808543,0.7967547362408244,56.0
Hazard,0.02191851669680349,0.9140566012020245,0.03967631532144572,0.9346582317151716,1152.0
Impacts,-0.014573698814157128,0.8279244713132561,0.006165806433367567,0.8645682089852113,228.0
Mitigation,-0.07312444295090516,0.921240017538993,0.15962491585636196,0.8679459328264474,115.0
