week,sentiment_mean,sentiment_std,subjectivity_mean,subjectivity_std,counting
2025-40,-0.06107729473987564,0.5796505333672352,-0.07956970396667822,0.6678190467219538,18.0
2025-41,0.13170727998796772,0.9153253923008001,0.47676581982842064,0.6419117083970044,15.0
2025-42,-0.22552493758345715,0.7966194500718489,0.027259273641576376,1.0592076642194197,9.0
2025-43,-0.039667941315056285,0.6696028432155972,0.02802365714146594,0.758413491711897,28.0
2025-44,0.057172033481084336,0.7552357156975019,0.1748868878891918,0.7233052317601179,40.0
