,phrase,label,sentiment,subjectivity,language,count,gnd,geonames,geotype,latitude,longitude,continent,country,ipcc
Venezuela,Venezuela,GPE,-0.03400481,0.40405454,en,830.90000000,4062512-6,3625428,X,8.00000000,-66.00000000,SOUTH-AMERICA,Venezuela,NSA
Japan,Japan,GPE,0.09269871,0.45253094,en,696.20000000,4028495-5,1861060,X,35.68536000,139.75308900,ASIA,Japan,EAS
Philippines,Philippines,GPE,0.00204278,0.55887728,en,203.80000000,4045771-0,1694008,X,13.00000000,122.00000000,ASIA,,SEA
Afghanistan,Afghanistan,GPE,0.01279876,0.38081537,en,182.30000000,4000687-6,1149361,X,33.00000000,66.00000000,ASIA,Afghanistan,WCA
Indonesia,Indonesia,GPE,0.04755957,0.45556994,en,118.60000000,4026761-1,1643084,X,-5.00000000,120.00000000,ASIA,Indonesia,SEA
California,California,GPE,0.04512346,0.46160444,en,93.90000000,,-1,,,,,,
Mexico,Mexico,GPE,0.11413743,0.39002087,en,92.50000000,,-1,,,,,,
Caracas,Caracas,GPE,0.03374304,0.53590118,en,91.20000000,4009457-1,3646738,X,10.48800900,-66.87918900,SOUTH-AMERICA,Venezuela,NSA
Alaska,Alaska,GPE,0.02418185,0.34433549,en,76.60000000,4001016-8,5879092,X,64.80000000,-150.80000000,NORTH-AMERICA,United States,NWN
Pakistan,Pakistan,GPE,-0.01760998,0.37033852,en,63.80000000,4075812-6,1168579,X,30.00000000,70.00000000,ASIA,Pakistan,WCA
US,US,GPE,-0.04432780,0.40797852,en,63.20000000,,-1,,,,,,
China,China,GPE,0.05526030,0.33172552,en,59.30000000,4009937-4,1814991,X,35.00000000,105.00000000,ASIA,China,EAS
Kumamoto,Kumamoto,GPE,0.16664336,0.58986995,en,59.20000000,4382233-2,1858421,X,32.78972000,130.74166900,ASIA,Japan,EAS
Taiwan,Taiwan,GPE,0.00267616,0.35995745,en,58.40000000,4017875-4,1668284,X,24.00000000,121.00000000,ASIA,Taiwan,EAS
Bangladesh,Bangladesh,GPE,0.00126305,0.32819993,en,55.70000000,4130903-0,1210997,X,24.00000000,90.00000000,ASIA,Bangladesh,SAS
the United States Geological Survey,the United States Geological Survey,GPE,0.06782763,0.21275443,en,55.00000000,,-1,,,,,,
U.S.,U.S.,GPE,0.00596258,0.37595871,en,53.60000000,,-1,,,,,,
Cuba,Cuba,GPE,0.11368103,0.32477797,en,50.40000000,,-1,,,,,,
Myanmar,Myanmar,GPE,-0.03070103,0.37014649,en,47.80000000,,-1,,,,,,
India,India,GPE,0.03282034,0.40173817,en,46.30000000,,-1,,,,,,
TOKYO,TOKYO,GPE,0.14236566,0.55726531,en,43.00000000,,-1,,,,,,
Nevada,Nevada,GPE,-0.02343097,0.28651540,en,40.40000000,4041996-4,5509151,X,39.25021000,-116.75118900,NORTH-AMERICA,United States,WNA
Earth,Earth,LOC,0.04552194,0.52859413,en,39.80000000,,-1,,,,,,
Peru,Peru,GPE,-0.13468468,0.29797297,en,37.00000000,4045312-1,3932488,X,-10.00000000,-76.00000000,SOUTH-AMERICA,Peru,NWS
Nepal,Nepal,GPE,0.11041102,0.38837989,en,36.90000000,4041612-4,1282988,X,28.00000000,84.00000000,ASIA,Nepal,TIB
Florida,Florida,GPE,0.09322344,0.35249542,en,36.40000000,4017585-6,4155751,X,28.75054000,-82.50010000,NORTH-AMERICA,United States,ENA
Tokyo,Tokyo,GPE,0.15309251,0.54871019,en,36.20000000,4078337-6,1850147,X,35.68950000,139.69171000,ASIA,Japan,EAS
Mindanao,Mindanao,LOC,0.05150971,0.37422408,en,35.80000000,,-1,,,,,,
Turkey,Turkey,GPE,0.05406328,0.34275125,en,35.60000000,4061163-2,298795,X,39.05901000,34.91154900,EUROPE-AFRICA,Turkey,MED
Hawaii,Hawaii,GPE,-0.07831393,0.33689535,en,34.10000000,4023877-5,5855797,X,20.75028000,-156.50028000,PACIFIC,,NPO
Pacific,Pacific,LOC,0.16118285,0.66056981,en,30.00000000,,-1,,,,,,
Türkiye,Türkiye,GPE,-0.04663244,0.31265717,en,29.60000000,4061163-2,298795,X,39.05901000,34.91154900,EUROPE-AFRICA,Turkey,MED
the United States,the United States,GPE,0.13736411,0.39038996,en,29.30000000,,-1,,,,,,
Aomori,Aomori,GPE,0.08444159,0.40236325,en,27.80000000,4309664-5,2130658,X,40.82444000,140.74000000,ASIA,Japan,EAS
Israel,Israel,GPE,0.09431440,0.33227216,en,26.70000000,4027808-6,294640,X,31.50000000,34.75000000,EUROPE-AFRICA,Israel,MED
Chile,Chile,GPE,0.02154915,0.24420385,en,25.40000000,4009929-5,3895114,X,-30.00000000,-71.00000000,SOUTH-AMERICA,Chile,SWS
Dhaka,Dhaka,GPE,0.04968003,0.36648315,en,25.30000000,4230727-2,1185241,X,23.71039900,90.40743900,ASIA,Bangladesh,SAS
Mexico City,Mexico City,GPE,0.10701085,0.28939796,en,25.10000000,4039060-3,3530597,X,19.42833300,-99.12750000,CENTRAL-AMERICA,Mexico,NCA
Iran,Iran,GPE,0.03145260,0.35059592,en,23.90000000,4027653-3,130758,X,32.00000000,53.00000000,ASIA,Iran,WCA
Kyushu,Kyushu,LOC,0.07566378,0.40007215,en,22.00000000,,-1,,,,,,
Sabah,Sabah,GPE,0.13063556,0.45752688,en,21.70000000,4042495-9,1733039,X,5.50000000,117.00000000,ASIA,Malaysia,SEA
Tohoku,Tohoku,GPE,0.11613468,0.51310189,en,21.70000000,,-1,,,,,,
La Guaira,La Guaira,GPE,0.04771181,0.28217807,en,21.00000000,,-1,,,,,,
Anchorage,Anchorage,GPE,0.03880317,0.23484743,en,20.60000000,,-1,,,,,,
Kolkata,Kolkata,GPE,0.08715447,0.51300813,en,20.50000000,4029344-0,1275004,X,22.56262900,88.36303900,ASIA,India,SAS
Hokkaido,Hokkaido,GPE,0.13363086,0.34708471,en,20.20000000,,-1,,,,,,
Canada,Canada,GPE,0.08984127,0.38586310,en,20.00000000,4029456-0,6251999,X,60.10866900,-113.64257900,NORTH-AMERICA,Canada,NWN
Malaysia,Malaysia,GPE,0.13032007,0.43995011,en,16.30000000,4037203-0,1733045,X,2.50000000,112.50000000,ASIA,Malaysia,SEA
Southern California,Southern California,LOC,0.02563906,0.26250000,en,16.30000000,,-1,,,,,,
Jakarta,Jakarta,GPE,0.01207729,0.36017943,en,16.10000000,4012546-4,1642911,X,-6.21462000,106.84512900,ASIA,Indonesia,SEA
Texas,Texas,GPE,0.09178585,0.35437558,en,15.80000000,4059594-8,4736286,X,31.25044000,-99.25060900,NORTH-AMERICA,United States,CNA
North Sulawesi,North Sulawesi,GPE,0.06125356,0.26905271,en,15.60000000,,-1,,,,,,
San Francisco,San Francisco,GPE,0.15823702,0.50333232,en,15.60000000,,-1,,,,,,
America,America,GPE,0.05232262,0.32617384,en,15.40000000,,-1,,,,,,
the Bay Area,the Bay Area,LOC,0.13849984,0.57253086,en,15.30000000,,-1,,,,,,
Fukushima,Fukushima,GPE,0.07835249,0.22222222,en,14.50000000,,-1,,,,,,
Mazar-e Sharif,Mazar-e Sharif,GPE,0.06046562,0.50471401,en,14.50000000,,-1,,,,,,
San Ramon,San Ramon,GPE,0.01018489,0.46363107,en,14.30000000,,-1,,,,,,
UK,UK,GPE,0.04995409,0.41836547,en,14.30000000,,-1,,,,,,
Sumatra,Sumatra,GPE,0.05575980,0.38725490,en,13.60000000,,-1,,,,,,
Russia,Russia,GPE,0.04918280,0.49578468,en,13.60000000,,-1,,,,,,
Guatemala,Guatemala,GPE,0.16538282,0.39949521,en,13.60000000,4022428-4,3595528,X,15.50000000,-90.25000000,CENTRAL-AMERICA,Guatemala,SCA
Kilauea,Kilauea,GPE,-0.01948590,0.26409619,en,13.40000000,,-1,,,,,,
Northern California,Northern California,LOC,-0.01571404,0.44718453,en,13.40000000,,-1,,,,,,
Los Angeles,Los Angeles,GPE,0.04325094,0.42414096,en,12.80000000,,-1,,,,,,
Big Island,Big Island,LOC,0.00393701,0.21347332,en,12.70000000,,-1,,,,,,
New York,New York,GPE,0.08711647,0.58816229,en,12.60000000,4042011-5,5128581,X,40.71416600,-74.00597000,NORTH-AMERICA,United States,ENA
Antarctica,Antarctica,LOC,0.03975758,0.45523636,en,12.50000000,,-1,,,,,,
Haiti,Haiti,GPE,0.01849951,0.35019550,en,12.40000000,4022974-9,3723988,X,19.00000000,-72.41666900,CENTRAL-AMERICA,Haiti,CAR
Utah,Utah,GPE,0.07566876,0.67719783,en,11.80000000,4062214-9,5549030,X,39.25023900,-111.75103000,NORTH-AMERICA,United States,WNA
Vanuatu,Vanuatu,GPE,0.01500385,0.25608629,en,11.80000000,4062334-8,2134431,X,-16.00000000,167.00000000,PACIFIC,,SPO
Kashmir,Kashmir,LOC,0.10272214,0.29532614,en,11.80000000,,-1,,,,,,
Guangxi,Guangxi,GPE,0.03933190,0.31034483,en,11.60000000,4266903-0,1809867,X,24.00000000,109.00000000,ASIA,China,EAS
Italy,Italy,GPE,0.01565217,0.37690821,en,11.50000000,,-1,,,,,,
Yilan,Yilan,GPE,-0.02862319,0.35289855,en,11.50000000,,-1,,,,,,
San Andreas,San Andreas,LOC,0.10431322,0.37810020,en,11.20000000,,-1,,,,,,
Tibet,Tibet,GPE,0.04148065,0.16071429,en,11.20000000,,-1,,,,,,
earth,earth,LOC,-0.06193694,0.40540541,en,11.10000000,,-1,,,,,,
Delhi,Delhi,GPE,0.05654518,0.24093639,en,11.10000000,4011371-1,1273294,X,28.65381000,77.22897000,ASIA,India,SAS
Ireland,Ireland,GPE,0.03944954,0.13944954,en,10.90000000,4027667-3,2963597,X,53.00000000,-8.00000000,EUROPE,Ireland,NEU
Louisiana,Louisiana,GPE,0.12079511,0.20259939,en,10.90000000,4036394-6,4331987,X,31.69999900,-92.99999900,NORTH-AMERICA,United States,CNA
New Zealand,New Zealand,GPE,0.09522750,0.59826939,en,10.90000000,,-1,,,,,,
Jammu,Jammu,GPE,0.11120378,0.31971087,en,10.90000000,4387357-1,1269321,X,32.73568900,74.86911000,ASIA,India,WCA
TAIPEI,TAIPEI,GPE,0.08300971,0.30533981,en,10.30000000,,-1,,,,,,
the San Francisco Bay Area,the San Francisco Bay Area,LOC,-0.00911255,0.39587302,en,10.00000000,,-1,,,,,,
Kathmandu,Kathmandu,GPE,0.09166667,0.34166667,en,10.00000000,4030036-5,1283240,X,27.70168900,85.32059900,ASIA,Nepal,TIB
Andes,Andes,LOC,-0.22000000,0.42833333,en,10.00000000,,-1,,,,,,
Honshu,Honshu,GPE,0.11361111,0.31138889,en,10.00000000,,-1,,,,,,
CARACAS,CARACAS,GPE,0.06883333,0.53483333,en,10.00000000,,-1,,,,,,
BEIJING,BEIJING,GPE,0.01333333,0.35500000,en,10.00000000,,-1,,,,,,
the South Pacific Ocean,the South Pacific Ocean,LOC,0.18624242,0.47769697,en,10.00000000,,-1,,,,,,
Ternate,Ternate,GPE,0.11250000,0.39750000,en,10.00000000,,-1,,,,,,
Pacific coast,Pacific coast,LOC,0.03766835,0.52390572,en,9.90000000,,-1,,,,,,
KABUL,KABUL,GPE,0.02824074,0.47569444,en,9.60000000,,-1,,,,,,
MANILA,MANILA,GPE,0.00476921,0.84820802,en,9.50000000,,-1,,,,,,
Seattle,Seattle,GPE,0.04706083,0.45254614,en,9.50000000,,-1,,,,,,
El Salvador,El Salvador,GPE,0.15617612,0.43232861,en,9.40000000,4014499-9,3585968,X,13.83333000,-88.91666900,CENTRAL-AMERICA,El Salvador,SCA
Acapulco,Acapulco,GPE,0.12835557,0.47842556,en,9.20000000,,-1,,,,,,
Chiapas,Chiapas,GPE,0.13699634,0.51135531,en,9.10000000,,-1,,,,,,
Kamjong,Kamjong,GPE,0.04395604,0.16483516,en,9.10000000,,-1,,,,,,
Havana,Havana,GPE,0.06404494,0.41797753,en,8.90000000,4023865-9,3553478,X,23.13301900,-82.38303900,CENTRAL-AMERICA,Cuba,CAR
the Pacific Ocean,the Pacific Ocean,LOC,-0.19310290,0.45200442,en,8.80000000,,-1,,,,,,
Ontario,Ontario,GPE,-0.03997446,0.28036398,en,8.70000000,4102089-3,6093943,X,49.25014000,-84.49983000,NORTH-AMERICA,Canada,ENA
Cebu,Cebu,LOC,0.35957481,1.25564346,en,8.70000000,,-1,,,,,,
Tehran,Tehran,GPE,0.09296454,0.43765653,en,8.70000000,4059304-6,112931,X,35.69438900,51.42150900,ASIA,Iran,WCA
Colombia,Colombia,GPE,0.13114146,0.40607143,en,8.50000000,4031812-6,3686110,X,4.00000000,-72.00000000,SOUTH-AMERICA,Colombia,NWS
Iwate,Iwate,LOC,0.05009804,0.78078431,en,8.50000000,,-1,,,,,,
Miami,Miami,GPE,0.01568627,0.11372549,en,8.50000000,,-1,,,,,,
Washington,Washington,GPE,0.00301205,0.29819277,en,8.30000000,4118995-4,5815135,X,47.50012000,-120.50146900,NORTH-AMERICA,United States,WNA
Lebanon,Lebanon,GPE,0.17469880,0.25602410,en,8.30000000,,-1,,,,,,
Spain,Spain,GPE,-0.07419451,0.47114214,en,8.30000000,4055964-6,2510769,X,40.00000000,-4.00000000,EUROPE-AFRICA,Spain,MED
B.C.,B.C.,GPE,-0.12839193,0.30160490,en,8.20000000,,-1,,,,,,
Tonga,Tonga,GPE,0.19283075,0.48640059,en,8.20000000,4060396-9,4032283,X,-20.00000000,-175.00000000,PACIFIC,,SPO
The United States Geological Survey,The United States Geological Survey,GPE,0.21951220,0.57926829,en,8.20000000,,-1,,,,,,
Istanbul,Istanbul,GPE,-0.02117286,0.22686622,en,8.20000000,4027821-9,745044,X,41.01361100,28.94944400,EUROPE-AFRICA,Turkey,MED
Aomori Prefecture,Aomori Prefecture,LOC,0.17625000,0.58208333,en,8.00000000,,-1,,,,,,
Bay Area,Bay Area,LOC,0.14529915,0.48931624,en,7.80000000,,-1,,,,,,
Calif.,Calif.,GPE,0.29691416,0.62792398,en,7.60000000,,-1,,,,,,
Caribbean,Caribbean,LOC,0.00973906,0.32234007,en,7.50000000,,-1,,,,,,
Las Vegas,Las Vegas,GPE,-0.04166667,0.24885845,en,7.30000000,,-1,,,,,,
Gujarat,Gujarat,LOC,0.02283105,0.15665613,en,7.30000000,4118450-6,1270770,X,23.00000000,72.00000000,ASIA,India,SAS
ISTANBUL,ISTANBUL,GPE,-0.01746132,0.39494015,en,7.30000000,,-1,,,,,,
Kabul,Kabul,GPE,-0.08789954,0.22317352,en,7.30000000,4029127-3,1138958,X,34.52812900,69.17233000,ASIA,Afghanistan,WCA
Noto Peninsula,Noto Peninsula,LOC,0.11706102,0.36965546,en,7.30000000,,-1,,,,,,
the San Andreas,the San Andreas,LOC,-0.03602753,0.51688007,en,7.10000000,,-1,,,,,,
Taipei,Taipei,GPE,-0.00194805,0.40000000,en,7.00000000,4078134-3,1668341,X,25.04776000,121.53185000,ASIA,Taiwan,EAS
England,England,GPE,-0.03623188,0.11352657,en,6.90000000,4014770-8,6269131,X,52.16044900,-0.70312000,EUROPE,United Kingdom,NEU
the West Coast,the West Coast,LOC,0.13940508,0.75200853,en,6.80000000,,-1,,,,,,
Ecuador,Ecuador,GPE,-0.03150912,0.39572968,en,6.70000000,4129321-6,3658394,X,-2.00000000,-77.50000000,SOUTH-AMERICA,Ecuador,NWS
North Maluku,North Maluku,LOC,0.06799337,0.25248756,en,6.70000000,,-1,,,,,,
Europe,Europe,LOC,0.13060897,0.36346154,en,6.50000000,,-1,,,,,,
Gulf,Gulf,LOC,0.03385417,0.05729167,en,6.40000000,,-1,,,,,,
Puerto Madero,Puerto Madero,GPE,0.08876488,0.41607143,en,6.40000000,,-1,,,,,,
Sankhuwasabha,Sankhuwasabha,GPE,0.06770833,0.30989583,en,6.40000000,,-1,,,,,,
Taplejung,Taplejung,GPE,0.08333333,0.27604167,en,6.40000000,,-1,,,,,,
Silver Springs,Silver Springs,GPE,0.07031250,0.26562500,en,6.40000000,,-1,,,,,,
DHAKA,DHAKA,GPE,-0.03990930,0.37823129,en,6.30000000,,-1,,,,,,
Carson City,Carson City,GPE,0.03673835,0.09318996,en,6.20000000,,-1,,,,,,
Iwate Prefecture,Iwate Prefecture,LOC,0.08333333,0.15591398,en,6.20000000,,-1,,,,,,
London,London,GPE,-0.25500911,0.46311475,en,6.10000000,4074335-4,2643743,X,51.50853000,-0.12574000,EUROPE,United Kingdom,NEU
Australia,Australia,GPE,0.07444444,0.46597222,en,6.00000000,,-1,,,,,,
Egypt,Egypt,GPE,0.56755652,0.63278319,en,6.00000000,4000556-2,357994,X,27.00000000,30.00000000,AFRICA,Egypt,SAH
the Indian Ocean,the Indian Ocean,LOC,-0.16379310,0.43678161,en,5.80000000,,-1,,,,,,
Yogyakarta,Yogyakarta,GPE,-0.03103448,0.13620690,en,5.80000000,4067202-5,1621177,X,-7.78277900,110.36083000,ASIA,Indonesia,SEA
Argentina,Argentina,GPE,-0.21428571,0.22321429,en,5.60000000,,-1,,,,,,
PyPI,PyPI,LOC,0.00000000,0.00000000,en,5.60000000,,-1,,,,,,
the East Bay,the East Bay,LOC,-0.00606061,0.42626263,en,5.50000000,,-1,,,,,,
Meghalaya,Meghalaya,GPE,0.01818182,0.43636364,en,5.50000000,4281475-3,1263207,X,25.50000000,91.33333000,ASIA,India,SAS
Yakutat,Yakutat,GPE,0.08181818,0.17272727,en,5.50000000,,-1,,,,,,
Kosovo,Kosovo,GPE,0.03636364,0.28636364,en,5.50000000,4032571-4,831053,X,42.58333300,20.91666600,EUROPE-AFRICA,Kosovo,MED
South Florida,South Florida,LOC,0.17142857,0.38008658,en,5.50000000,,-1,,,,,,
New South Wales,New South Wales,GPE,0.03833333,0.42545455,en,5.50000000,,-1,,,,,,
the Molucca Sea,the Molucca Sea,LOC,0.10493506,0.72917749,en,5.50000000,,-1,,,,,,
Shimane,Shimane,GPE,0.28093434,0.47222222,en,5.50000000,4389008-8,1852442,X,35.07692900,132.56111000,ASIA,Japan,EAS
Ottawa,Ottawa,GPE,-0.29090909,0.39696970,en,5.50000000,4122012-2,6094817,X,45.41111100,-75.69805500,NORTH-AMERICA,Canada,ENA
Burnaby,Burnaby,GPE,-0.32727273,0.41818182,en,5.50000000,,-1,,,,,,
New Delhi,New Delhi,GPE,0.09570248,0.39022039,en,5.50000000,4011371-1,1273294,X,28.65381000,77.22897000,ASIA,India,SAS
Crete,Crete,GPE,0.11519743,0.33390725,en,5.50000000,,-1,,,,,,
Kumamoto Prefecture,Kumamoto Prefecture,GPE,0.11818182,0.58030303,en,5.50000000,,-1,,,,,,
Lancashire,Lancashire,GPE,0.02358491,0.02358491,en,5.30000000,,-1,,,,,,
Fukushima Daiichi,Fukushima Daiichi,GPE,-0.02884615,0.68910256,en,5.20000000,,-1,,,,,,
Orlando,Orlando,GPE,0.02483660,0.09673203,en,5.10000000,,-1,,,,,,
Ukraine,Ukraine,GPE,0.31428571,0.48185941,en,4.90000000,4061496-7,690791,X,49.00000000,32.00000000,EUROPE,Ukraine,WCE
Balikesir province,Balikesir province,GPE,0.01041667,0.13263889,en,4.80000000,,-1,,,,,,
Fla.,Fla.,GPE,-0.15004433,0.41425827,en,4.70000000,,-1,,,,,,
Asia,Asia,LOC,-0.04893617,0.45744681,en,4.70000000,,-1,,,,,,
Cascadia,Cascadia,LOC,0.07184912,0.36024845,en,4.60000000,,-1,,,,,,
Balochistan,Balochistan,GPE,0.19268775,0.47924901,en,4.60000000,,-1,,,,,,
MEXICO CITY,MEXICO CITY,GPE,0.14481225,0.50118577,en,4.60000000,,-1,,,,,,
the Big Island,the Big Island,LOC,-0.05797101,0.34057971,en,4.60000000,,-1,,,,,,
Central Florida,Central Florida,LOC,0.03804348,0.31521739,en,4.60000000,,-1,,,,,,
Liuzhou,Liuzhou,GPE,0.03623188,0.28260870,en,4.60000000,,-1,,,,,,
Sleepy Hollow,Sleepy Hollow,LOC,0.01987264,0.31181379,en,4.60000000,,-1,,,,,,
Oregon,Oregon,GPE,0.15951087,0.39021739,en,4.60000000,4043760-7,5744337,X,44.29999900,-120.50139000,NORTH-AMERICA,United States,WNA
Tobelo,Tobelo,GPE,0.07427536,0.47644928,en,4.60000000,,-1,,,,,,
Andaman,Andaman,GPE,0.08695652,0.17391304,en,4.60000000,,-1,,,,,,
Mexican Pacific,Mexican Pacific,LOC,0.18055556,0.32910628,en,4.60000000,,-1,,,,,,
Missouri,Missouri,GPE,0.12916431,0.39172784,en,4.60000000,,-1,,,,,,
Baculin,Baculin,GPE,0.11956522,0.29347826,en,4.60000000,,-1,,,,,,
Borneo,Borneo,GPE,0.19202899,0.34420290,en,4.60000000,,-1,,,,,,
Oxfam,Oxfam,GPE,0.03768116,0.26473430,en,4.60000000,,-1,,,,,,
Sputnik,Sputnik,GPE,0.36067194,0.65242095,en,4.60000000,,-1,,,,,,
Sichuan,Sichuan,GPE,-0.02173913,0.18115942,en,4.60000000,,-1,,,,,,
Southcentral,Southcentral,GPE,0.14660326,0.44320652,en,4.60000000,,-1,,,,,,
Kamchatka Peninsula,Kamchatka Peninsula,LOC,0.08842716,0.65206300,en,4.60000000,,-1,,,,,,
West Coast,West Coast,LOC,0.12674984,0.21854414,en,4.60000000,,-1,,,,,,
Manipur,Manipur,GPE,0.04347826,0.15217391,en,4.60000000,4277787-2,1349375,X,22.28193900,88.91110900,ASIA,India,SAS
Lima,Lima,GPE,-0.06521739,0.08695652,en,4.60000000,4035742-9,3936456,X,-12.04317900,-77.02823900,SOUTH-AMERICA,Peru,NWS
the Northern Molucca Sea,the Northern Molucca Sea,LOC,0.08695652,0.28260870,en,4.60000000,,-1,,,,,,
Penang,Penang,GPE,0.07608696,0.14130435,en,4.60000000,,-1,,,,,,
Islamabad,Islamabad,GPE,-0.04281950,0.20750988,en,4.60000000,4245023-8,7331475,X,31.21747900,72.33948900,ASIA,Pakistan,WCA
U.K.,U.K.,GPE,0.17777778,0.22222222,en,4.50000000,,-1,,,,,,
Liuzhou city,Liuzhou city,GPE,0.06818182,0.38636364,en,4.40000000,,-1,,,,,,
the San Andreas Fault,the San Andreas Fault,LOC,0.11823593,0.40110931,en,4.40000000,,-1,,,,,,
the Pacific Northwest,the Pacific Northwest,LOC,0.01186281,1.07044280,en,4.30000000,,-1,,,,,,
Tennessee,Tennessee,GPE,0.00775194,1.55387597,en,4.30000000,4119557-7,4662168,X,35.75034900,-86.25027000,NORTH-AMERICA,United States,ENA
Connecticut,Connecticut,GPE,0.00519732,0.68851304,en,4.30000000,4010487-4,4831725,X,41.66704000,-72.66648000,NORTH-AMERICA,United States,ENA
Afghan,Afghan,GPE,-0.00381944,0.43784722,en,4.00000000,,-1,,,,,,
Karnataka,Karnataka,GPE,0.34833333,0.56000000,en,4.00000000,4110022-0,1267701,X,13.50000000,76.00000000,ASIA,India,SAS
New Jersey,New Jersey,GPE,0.19227881,0.51109307,en,4.00000000,4042004-8,5101760,X,40.16705900,-74.49987000,NORTH-AMERICA,United States,ENA
Americas,Americas,LOC,0.13750000,0.48750000,en,4.00000000,,-1,,,,,,
France,France,GPE,0.23437500,0.59739583,en,4.00000000,,-1,,,,,,
Guam,Guam,GPE,0.05334110,0.25330225,en,3.90000000,,-1,,,,,,
Sındırgı,Sındırgı,LOC,0.05350877,0.31929825,en,3.80000000,,-1,,,,,,
San Jacinto,San Jacinto,GPE,-0.06761696,0.41447368,en,3.80000000,,-1,,,,,,
San Jacinto Fault,San Jacinto Fault,LOC,0.01441441,0.55015015,en,3.70000000,,-1,,,,,,
Redwood Valley,Redwood Valley,LOC,0.05507781,0.38104013,en,3.70000000,,-1,,,,,,
Alps,Alps,GPE,0.00000000,0.21621622,en,3.70000000,,-1,,,,,,
Qinghai,Qinghai,GPE,-0.17567568,0.27027027,en,3.70000000,4398246-3,1550843,X,25.80833000,106.07500000,ASIA,China,EAS
Sichuan Province,Sichuan Province,GPE,0.12162162,0.36824324,en,3.70000000,,-1,,,,,,
South America's,South America's,LOC,0.00000000,0.00000000,en,3.70000000,,-1,,,,,,
Lainchaur,Lainchaur,GPE,0.00900901,0.22972973,en,3.70000000,,-1,,,,,,
Yukon,Yukon,LOC,0.22837838,0.79864865,en,3.70000000,,-1,,,,,,
Santa Rosa,Santa Rosa,GPE,-0.06756757,0.22972973,en,3.70000000,,-1,,,,,,
Cape Horn,Cape Horn,LOC,0.00000000,0.00000000,en,3.70000000,,-1,,,,,,
Jersey,Jersey,GPE,-0.04729730,0.18468468,en,3.70000000,4028585-6,3042142,X,49.21667000,-2.11667000,EUROPE,Jersey,WCE
Victoria,Victoria,GPE,0.40540541,0.42567568,en,3.70000000,,-1,,,,,,
Virginia,Virginia,GPE,0.07248157,0.16615479,en,3.70000000,4063592-2,6254928,X,37.54811900,-77.44674900,NORTH-AMERICA,United States,ENA
North Sumatra,North Sumatra,GPE,0.18243243,0.64639640,en,3.70000000,4118901-2,1213642,X,2.00000000,99.00000000,ASIA,Indonesia,SEA
the Atlantic Ocean,the Atlantic Ocean,LOC,0.45555556,1.33543544,en,3.70000000,,-1,,,,,,
U.S,U.S,GPE,-0.01472008,0.42092986,en,3.70000000,,-1,,,,,,
Puerto Rico,Puerto Rico,GPE,0.43243243,0.62162162,en,3.70000000,4076429-1,4566966,X,18.24829000,-66.49988900,CENTRAL-AMERICA,Puerto Rico,CAR
Venezuelas,Venezuelas,GPE,0.01013514,0.53288288,en,3.70000000,,-1,,,,,,
Bajhang,Bajhang,GPE,-0.02702703,0.02702703,en,3.70000000,,-1,,,,,,
Gilroy,Gilroy,GPE,0.04568855,0.41591592,en,3.70000000,,-1,,,,,,
Sulawesi island,Sulawesi island,LOC,0.04617117,0.47522523,en,3.70000000,,-1,,,,,,
Colorado,Colorado,GPE,-0.10810811,0.28828829,en,3.70000000,,-1,,,,,,
Abidjan,Abidjan,GPE,0.00000000,0.00000000,en,3.70000000,4000153-2,2293538,X,5.30966000,-4.01266000,AFRICA,Ivory Coast,WAF
the Gulf of California,the Gulf of California,LOC,0.00000000,0.00000000,en,3.70000000,,-1,,,,,,
Balıkesir,Balıkesir,GPE,0.12252252,0.32792793,en,3.70000000,,-1,,,,,,
Banda Sea,Banda Sea,LOC,0.35998498,0.54917417,en,3.70000000,,-1,,,,,,
AUSTIN,AUSTIN,GPE,0.00000000,0.27027027,en,3.70000000,,-1,,,,,,
GUATEMALA CITY,GUATEMALA CITY,GPE,0.21621622,0.75675676,en,3.70000000,,-1,,,,,,
Slovakia,Slovakia,GPE,0.00000000,0.00000000,en,3.70000000,,-1,,,,,,
Mount Etna,Mount Etna,LOC,0.05077805,0.31152744,en,3.70000000,,-1,,,,,,
Northeast India,Northeast India,LOC,0.02252252,0.50000000,en,3.70000000,,-1,,,,,,
Junín,Junín,GPE,-0.02252252,0.35360360,en,3.70000000,,-1,,,,,,
Gaoxian County,Gaoxian County,GPE,0.12162162,0.36824324,en,3.70000000,,-1,,,,,,
Chugoku,Chugoku,GPE,0.11711712,0.19819820,en,3.70000000,,-1,,,,,,
Shimane Prefecture,Shimane Prefecture,GPE,-0.02027027,0.04054054,en,3.70000000,4389008-8,1852442,X,35.07692900,132.56111000,ASIA,Japan,EAS
Maharashtra,Maharashtra,GPE,0.05855856,0.09009009,en,3.70000000,4037057-4,1264418,X,19.50000000,75.00000000,ASIA,India,SAS
Peshawar,Peshawar,GPE,0.27027027,0.27027027,en,3.70000000,4126560-9,1168197,X,34.00800000,71.57849000,ASIA,Pakistan,WCA
Switzerland,Switzerland,GPE,0.00000000,0.27027027,en,3.70000000,,-1,,,,,,
Vallejo,Vallejo,GPE,0.05630631,0.36261261,en,3.70000000,,-1,,,,,,
Cabo San Lucas,Cabo San Lucas,GPE,0.28571429,0.77142857,en,3.50000000,,-1,,,,,,
Illinois,Illinois,GPE,0.01523810,0.34857143,en,3.50000000,4109206-5,4896861,X,40.20000000,-89.25037000,NORTH-AMERICA,United States,ENA
Greece,Greece,GPE,0.10714286,0.17619048,en,3.50000000,4022047-3,390903,X,39.00000000,22.00000000,EUROPE-AFRICA,Greece,MED
the United Kingdom,the United Kingdom,GPE,-0.03676471,0.28431373,en,3.40000000,,-1,,,,,,
Sri Lanka,Sri Lanka,GPE,-0.06720143,0.43904380,en,3.40000000,4009696-8,1227603,X,7.00000000,81.00000000,INDIAN,Sri Lanka,BOB
Scotland,Scotland,GPE,-0.16666667,0.73529412,en,3.40000000,4053233-1,2638360,X,56.00000000,-4.00000000,EUROPE,United Kingdom,NEU
Giza,Giza,GPE,0.71212121,0.69191919,en,3.30000000,4021093-5,360995,X,30.00807900,31.21093000,EUROPE-AFRICA,Egypt,MED
Aceh Province,Aceh Province,GPE,0.24774194,0.46838710,en,3.10000000,,-1,,,,,,
Latin America,Latin America,LOC,-0.16621864,0.31944444,en,3.10000000,,-1,,,,,,
Aceh,Aceh,GPE,0.01612903,0.19892473,en,3.10000000,,-1,,,,,,
Antarctic,Antarctic,LOC,0.01490714,0.65408113,en,3.10000000,,-1,,,,,,
the Strait of Hormuz,the Strait of Hormuz,LOC,0.28360215,0.64336918,en,3.10000000,,-1,,,,,,
Mumbai,Mumbai,GPE,-0.36674347,0.99769585,en,3.10000000,10013721-0,1275339,X,19.07277700,72.88250000,ASIA,India,SAS
The United States,The United States,GPE,0.13844086,0.49731183,en,3.10000000,,-1,,,,,,
Mazar,Mazar,GPE,0.16666667,0.51666667,en,3.00000000,,-1,,,,,,
Xinjiang,Xinjiang,GPE,0.27481714,0.57053292,en,2.90000000,4077460-0,1529047,X,42.56916900,85.45610900,ASIA,China,ECA
Fukushima Prefecture,Fukushima Prefecture,LOC,-0.55851620,1.02142111,en,2.90000000,,-1,,,,,,
Mazar-e-Sharif,Mazar-e-Sharif,GPE,0.00000000,0.08620690,en,2.90000000,,-1,,,,,,
San Andreas Fault,San Andreas Fault,LOC,0.07600575,0.88328544,en,2.90000000,,-1,,,,,,
myanmar,myanmar,GPE,0.06034483,0.37547893,en,2.90000000,,-1,,,,,,
Mandalay,Mandalay,GPE,0.05172414,0.37164751,en,2.90000000,4037295-9,1311874,X,21.97473000,96.08359000,ASIA,Myanmar,SAS
Brazil,Brazil,GPE,0.23511905,1.04553571,en,2.80000000,4008003-1,3469034,X,-10.00000000,-55.00000000,SOUTH-AMERICA,Brazil,SAM
Kobe,Kobe,GPE,-0.15625000,0.21428571,en,2.80000000,4195257-1,1859171,X,34.69138800,135.18305500,ASIA,Japan,EAS
East Flores,East Flores,LOC,0.00000000,0.00000000,en,2.80000000,,-1,,,,,,
Pacific Coast,Pacific Coast,LOC,0.18290043,0.43452381,en,2.80000000,,-1,,,,,,
Reno,Reno,GPE,0.08928571,0.32142857,en,2.80000000,,-1,,,,,,
Willow,Willow,GPE,0.00000000,0.00000000,en,2.80000000,,-1,,,,,,
Quebec,Quebec,GPE,-0.08333333,0.70238095,en,2.80000000,,-1,,,,,,
eastern Ontario,eastern Ontario,LOC,-0.08333333,0.70238095,en,2.80000000,,-1,,,,,,
Newmont,Newmont,GPE,0.00000000,0.12500000,en,2.80000000,,-1,,,,,,
Maryland,Maryland,GPE,0.11607143,0.30357143,en,2.80000000,4037776-3,4361885,X,39.90000000,-76.74997000,NORTH-AMERICA,United States,ENA
Bay of Bengal,Bay of Bengal,LOC,0.00000000,0.25000000,en,2.80000000,,-1,,,,,,
South Carolina,South Carolina,GPE,-0.10714286,0.39285714,en,2.80000000,4055656-6,4597040,X,34.30000000,-81.00000000,NORTH-AMERICA,United States,ENA
JUNEAU,JUNEAU,GPE,0.10714286,0.57142857,en,2.80000000,,-1,,,,,,
Bandung,Bandung,GPE,0.25714286,0.80000000,en,2.80000000,4080255-3,1650357,X,-6.90388900,107.61861000,ASIA,Indonesia,SEA
Kuril Islands,Kuril Islands,LOC,0.00000000,0.00000000,en,2.80000000,,-1,,,,,,
South,South,LOC,-0.00552721,0.32397959,en,2.80000000,,-1,,,,,,
Democratic Republic of the Congo,Democratic Republic of the Congo,GPE,0.53571429,0.53571429,en,2.80000000,,-1,,,,,,
the Bay of Bengal,the Bay of Bengal,LOC,0.01785714,0.17857143,en,2.80000000,,-1,,,,,,
North and South America,North and South America,GPE,0.53571429,0.96428571,en,2.80000000,,-1,,,,,,
Kyushu island,Kyushu island,LOC,0.10714286,0.35714286,en,2.80000000,,-1,,,,,,
Japans,Japans,GPE,-0.04563492,0.14087302,en,2.80000000,,-1,,,,,,
Montana,Montana,GPE,0.29724702,0.63653274,en,2.80000000,4040138-8,5667009,X,47.50000000,-109.75101900,NORTH-AMERICA,United States,WNA
Yaracuy,Yaracuy,GPE,0.04464286,0.32142857,en,2.80000000,4310791-6,3625210,X,10.33974000,-68.73734000,SOUTH-AMERICA,Venezuela,NSA
Washington D.C.,Washington D.C.,GPE,0.01071429,0.07142857,en,2.80000000,,-1,,,,,,
Central America,Central America,LOC,-0.08035714,0.44642857,en,2.80000000,,-1,,,,,,
the Southern Ocean,the Southern Ocean,LOC,0.04464286,0.35714286,en,2.80000000,,-1,,,,,,
Indio,Indio,GPE,0.05357143,0.36607143,en,2.80000000,,-1,,,,,,
Southern New England,Southern New England,LOC,0.00638528,0.27207792,en,2.80000000,,-1,,,,,,
Hawkesbury,Hawkesbury,GPE,-0.02678571,0.10714286,en,2.80000000,,-1,,,,,,
Talaud Islands,Talaud Islands,LOC,-0.03571429,0.03571429,en,2.80000000,,-1,,,,,,
Uttarakhand,Uttarakhand,GPE,0.23809524,0.35714286,en,2.80000000,1358877971,1444366,X,30.25000000,79.25000000,ASIA,India,TIB
the Coachella Valley,the Coachella Valley,LOC,0.20833333,0.83333333,en,2.80000000,,-1,,,,,,
San Jose,San Jose,GPE,0.07142857,0.25892857,en,2.80000000,,-1,,,,,,
Tiberias,Tiberias,GPE,-0.01190476,0.12500000,en,2.80000000,4361435-8,293322,X,32.79220000,35.53123900,EUROPE-AFRICA,Israel,MED
Pacific Ocean,Pacific Ocean,LOC,-0.03373016,0.47222222,en,2.80000000,,-1,,,,,,
Vrancea County,Vrancea County,GPE,0.00000000,0.00000000,en,2.80000000,,-1,,,,,,
Kutch,Kutch,LOC,-0.14285714,0.32539683,en,2.80000000,,-1,,,,,,
Bali,Bali,GPE,0.05708874,0.27164502,en,2.80000000,,-1,,,,,,
Imperial County,Imperial County,GPE,0.17410714,0.27976190,en,2.80000000,,-1,,,,,,
magnitude-6.2,magnitude-6.2,GPE,0.23748647,0.40719697,en,2.80000000,,-1,,,,,,
Yamanashi,Yamanashi,GPE,0.00000000,0.57142857,en,2.80000000,4387301-7,1848651,X,34.79999900,137.90000000,ASIA,Japan,EAS
Kamchatka,Kamchatka,GPE,0.39434524,0.62896825,en,2.80000000,,-1,,,,,,
Adelaide,Adelaide,GPE,0.02835884,0.54272959,en,2.80000000,4079623-1,2078025,X,-34.92866000,138.59863000,OCEANIA,Australia,SAU
Nagano,Nagano,GPE,0.00000000,0.08928571,en,2.80000000,,-1,,,,,,
megaquake,megaquake,LOC,0.06583694,0.12554113,en,2.80000000,,-1,,,,,,
Krasnodar,Krasnodar,GPE,0.00000000,0.00000000,en,2.80000000,4265174-8,542420,X,45.04879900,38.97249900,EUROPE,Russia,WCE
Palu,Palu,GPE,0.04315476,0.31101190,en,2.80000000,,-1,,,,,,
North America,North America,LOC,-0.06696429,0.22619048,en,2.80000000,,-1,,,,,,
Naya Bazar,Naya Bazar,GPE,0.05357143,0.27380952,en,2.80000000,,-1,,,,,,
Saitama,Saitama,GPE,0.08258929,0.26785714,en,2.80000000,,-1,,,,,,
Santa Clara,Santa Clara,GPE,0.06878307,0.26984127,en,2.80000000,,-1,,,,,,
Wales,Wales,GPE,-0.04464286,0.32440476,en,2.80000000,,-1,,,,,,
East Java,East Java,GPE,-0.12698413,0.28571429,en,2.80000000,,-1,,,,,,
Manado,Manado,GPE,0.10714286,0.26785714,en,2.80000000,4524711-0,1636544,X,1.48700000,124.84550000,ASIA,Indonesia,SEA
Imphal,Imphal,GPE,-0.01785714,0.53571429,en,2.80000000,4410551-4,1269771,X,24.80805000,93.94419900,ASIA,India,SAS
Thailand,Thailand,GPE,0.01041667,0.27886905,en,2.80000000,4078228-1,1605651,X,15.00000000,100.00000000,ASIA,Thailand,SEA
Mazandaran,Mazandaran,GPE,0.07142857,0.22619048,en,2.80000000,4038140-7,124544,X,36.25000000,52.33332900,ASIA,Iran,WCA
USA,USA,GPE,0.04761905,0.48809524,en,2.80000000,4078704-7,6252001,X,39.75999900,-98.50000000,NORTH-AMERICA,United States,CNA
Battalgazi,Battalgazi,GPE,0.00000000,0.00000000,en,2.80000000,,-1,,,,,,
JAKARTA,JAKARTA,GPE,0.17261905,0.62500000,en,2.80000000,,-1,,,,,,
Valencia,Valencia,GPE,0.38392857,0.58035714,en,2.80000000,4062284-8,2509954,X,39.46972200,-0.37722200,EUROPE-AFRICA,Spain,MED
Tamon,Tamon,GPE,0.03571429,0.14285714,en,2.80000000,,-1,,,,,,
Mantua,Mantua,GPE,0.14285714,0.33928571,en,2.80000000,4114978-6,3174051,X,45.16031000,10.79784000,EUROPE,Italy,WCE
northwest Louisiana,northwest Louisiana,GPE,-0.02500000,0.38611111,en,2.80000000,,-1,,,,,,
Niksar,Niksar,GPE,0.03273810,0.21726190,en,2.80000000,4527049-1,741304,X,40.59167000,36.95167000,EUROPE-AFRICA,Turkey,MED
Himachal Pradesh,Himachal Pradesh,GPE,-0.04464286,0.13392857,en,2.80000000,4240080-6,1270101,X,31.00000000,78.00000000,ASIA,India,TIB
Kypseli,Kypseli,GPE,-0.50000000,0.71428571,en,2.80000000,,-1,,,,,,
Lake Issyk-Kul,Lake Issyk-Kul,GPE,0.00892857,0.28571429,en,2.80000000,,-1,,,,,,
Kyrgyzstan,Kyrgyzstan,GPE,0.00892857,0.28571429,en,2.80000000,4030848-0,1527747,X,41.00000000,75.00000000,ASIA,Kyrgyzstan,WCA
the Pacific coast,the Pacific coast,LOC,0.17261905,0.31547619,en,2.80000000,,-1,,,,,,
Northern Louisiana,Northern Louisiana,LOC,-0.08928571,0.08928571,en,2.80000000,,-1,,,,,,
Kona,Kona,GPE,-0.05952381,0.21428571,en,2.80000000,,-1,,,,,,
Westchester County,Westchester County,GPE,0.00000000,0.08035714,en,2.80000000,,-1,,,,,,
Shreveport,Shreveport,GPE,-0.02976190,0.08730159,en,2.80000000,,-1,,,,,,
Balkesirs Sndrg,Balkesirs Sndrg,LOC,0.16190476,0.43333333,en,2.80000000,,-1,,,,,,
Sweden,Sweden,GPE,-0.04464286,0.13392857,en,2.80000000,4077258-5,2661886,X,62.00000000,15.00000000,EUROPE,Sweden,NEU
Queensland,Queensland,GPE,0.00595238,0.23214286,en,2.80000000,4103475-2,2152274,X,-20.00000000,145.00000000,OCEANIA,Australia,NAU
Northern Japan,Northern Japan,LOC,0.26785714,0.62500000,en,2.80000000,,-1,,,,,,
Denmark,Denmark,GPE,-0.04464286,0.13392857,en,2.80000000,4010877-6,2623032,X,56.00000000,10.00000000,EUROPE,Denmark,NEU
the Czech Republic,the Czech Republic,GPE,0.03571429,0.14285714,en,2.80000000,,-1,,,,,,
Hingoli district,Hingoli district,LOC,-0.01785714,0.06547619,en,2.80000000,,-1,,,,,,
Vizag,Vizag,GPE,0.13116883,0.45389610,en,2.80000000,4324044-6,1253102,X,17.69003900,83.20924900,ASIA,India,SAS
PESHAWAR,PESHAWAR,GPE,-0.20535714,0.39285714,en,2.80000000,,-1,,,,,,
Atlantic,Atlantic,LOC,0.12175325,0.40584416,en,2.80000000,,-1,,,,,,
the Sea of Galilee,the Sea of Galilee,LOC,0.00000000,0.00000000,en,2.80000000,,-1,,,,,,
Tabasco,Tabasco,GPE,0.02380952,0.11904762,en,2.80000000,,-1,,,,,,
Malatya,Malatya,GPE,0.00000000,0.00000000,en,2.80000000,4114942-7,304922,X,38.35000000,38.31666600,EUROPE-AFRICA,Turkey,MED
Honaunau-Napoopoo,Honaunau-Napoopoo,LOC,-0.16666667,0.20238095,en,2.80000000,,-1,,,,,,
Ibaraki Prefecture,Ibaraki Prefecture,LOC,0.00000000,0.00000000,en,2.80000000,,-1,,,,,,
BOSTON,BOSTON,GPE,0.04464286,0.09226190,en,2.80000000,,-1,,,,,,
San Luis Obispo County,San Luis Obispo County,GPE,0.00068027,0.42823129,en,2.80000000,,-1,,,,,,
Rajasthan,Rajasthan,GPE,0.35714286,0.53571429,en,2.80000000,4076502-7,1258899,X,26.00000000,74.00000000,ASIA,India,SAS
West Papua,West Papua,GPE,0.01785714,0.17857143,en,2.80000000,,-1,,,,,,
Narsingdi,Narsingdi,GPE,-0.00085034,0.46836735,en,2.80000000,,-1,,,,,,
Ore.,Ore.,GPE,0.03846154,0.39102564,en,2.60000000,,-1,,,,,,
Syria,Syria,GPE,-0.06089744,0.53685897,en,2.60000000,4058794-0,163843,X,35.00000000,38.00000000,EUROPE-AFRICA,Syria,MED
Mendocino,Mendocino,GPE,0.11328671,0.40839161,en,2.60000000,,-1,,,,,,
South America,South America,LOC,0.07692308,0.42307692,en,2.60000000,,-1,,,,,,
Yellowstone,Yellowstone,GPE,0.52564103,1.13675214,en,2.60000000,,-1,,,,,,
South Sudan,South Sudan,GPE,-0.23066667,0.85866667,en,2.50000000,,-1,,,,,,
Vancouver Island,Vancouver Island,GPE,-0.06181818,0.32727273,en,2.50000000,,-1,,,,,,
Caribbean Sea,Caribbean Sea,LOC,0.18055556,0.30555556,en,2.40000000,,-1,,,,,,
Portland,Portland,GPE,0.00000000,0.38888889,en,2.40000000,,-1,,,,,,
Guantanamo,Guantanamo,GPE,0.18055556,0.30555556,en,2.40000000,,-1,,,,,,
the Great East Japan Earthquake,the Great East Japan Earthquake,LOC,0.38005051,0.68118687,en,2.40000000,,-1,,,,,,
Yellowstone National Park,Yellowstone National Park,GPE,0.16666667,0.36111111,en,2.40000000,,-1,,,,,,
Toronto,Toronto,GPE,-0.01041667,0.05555556,en,2.40000000,4060459-7,6167865,X,43.70011000,-79.41630000,NORTH-AMERICA,Canada,ENA
Delhi-NCR,Delhi-NCR,GPE,0.06281566,0.13068182,en,2.40000000,,-1,,,,,,
Jackery,Jackery,GPE,0.50206612,0.99173554,en,2.20000000,,-1,,,,,,
Mediterranean,Mediterranean,LOC,0.36363636,0.59090909,en,2.20000000,,-1,,,,,,
ANKARA,ANKARA,GPE,0.07647908,0.45779221,en,2.20000000,,-1,,,,,,
Oklahoma,Oklahoma,GPE,0.25413223,0.39256198,en,2.20000000,4102053-4,4544379,X,35.49208900,-97.50328000,NORTH-AMERICA,United States,CNA
Indian Ocean,Indian Ocean,LOC,-0.45454545,0.45454545,en,2.20000000,,-1,,,,,,
North America's,North America's,LOC,0.16653753,0.56680441,en,2.20000000,,-1,,,,,,
Johannesburg,Johannesburg,GPE,-0.15909091,0.68181818,en,2.20000000,4028698-8,993800,X,-26.20226900,28.04363000,AFRICA,South Africa,ESAF
North Korea,North Korea,GPE,0.11363636,0.36742424,en,2.20000000,,-1,,,,,,
Kern County,Kern County,GPE,-0.15909091,0.50000000,en,2.20000000,,-1,,,,,,
Northern Afghanistan,Northern Afghanistan,LOC,0.00000000,0.35000000,en,2.00000000,,-1,,,,,,
Balkh province,Balkh province,GPE,0.13333333,0.48333333,en,2.00000000,,-1,,,,,,
San Diego,San Diego,GPE,0.60000000,0.96666667,en,2.00000000,,-1,,,,,,
the Northern Territory's,the Northern Territory's,LOC,0.26666667,0.40000000,en,2.00000000,,-1,,,,,,
the Sndrg district,the Sndrg district,LOC,-0.07500000,0.15000000,en,2.00000000,,-1,,,,,,
Yangon,Yangon,GPE,-0.07750000,0.49944444,en,2.00000000,4133122-9,1298824,X,16.80527900,96.15610900,ASIA,Myanmar,SEA
Vijayapura,Vijayapura,GPE,0.39166667,0.57500000,en,2.00000000,,-1,,,,,,
Balikesir,Balikesir,GPE,-0.15000000,0.30000000,en,2.00000000,,-1,,,,,,
western Türkiye,western Türkiye,LOC,0.00000000,0.00000000,en,2.00000000,,-1,,,,,,
Santa Barbara Island,Santa Barbara Island,GPE,0.33333333,0.53333333,en,2.00000000,,-1,,,,,,
Kunar province,Kunar province,GPE,-0.07727273,0.40416667,en,2.00000000,,-1,,,,,,
Pacitan,Pacitan,GPE,-0.05263158,0.36842105,en,1.90000000,4842813-9,1633439,X,-8.19388800,111.10333300,ASIA,Indonesia,SEA
Hollywood,Hollywood,GPE,-0.02923977,0.96491228,en,1.90000000,,-1,,,,,,
Ladakh,Ladakh,GPE,0.00000000,0.00000000,en,1.90000000,,-1,,,,,,
Hayward,Hayward,LOC,0.00000000,0.49707602,en,1.90000000,,-1,,,,,,
Ica,Ica,LOC,0.00000000,0.00000000,en,1.90000000,4364222-6,3938527,X,-14.06776900,-75.72861000,SOUTH-AMERICA,Peru,NWS
Haryana,Haryana,GPE,-0.01116427,0.09728868,en,1.90000000,4239291-3,1270260,X,29.00000000,76.00000000,ASIA,India,SAS
Great Falls,Great Falls,GPE,0.26260965,0.56085526,en,1.90000000,,-1,,,,,,
Putatan,Putatan,GPE,-0.17105263,0.53947368,en,1.90000000,,-1,,,,,,
Cagliari,Cagliari,GPE,-0.11403509,0.47368421,en,1.90000000,4085112-6,2525473,X,39.20738000,9.13461900,EUROPE-AFRICA,Italy,MED
Te Kaha,Te Kaha,GPE,0.10765550,0.38516746,en,1.90000000,,-1,,,,,,
taiwan,taiwan,GPE,0.10167464,0.20733652,en,1.90000000,,-1,,,,,,
Christchurch,Christchurch,GPE,0.10765550,0.38516746,en,1.90000000,,-1,,,,,,
West Hawaii,West Hawaii,GPE,0.18786550,0.35233918,en,1.90000000,,-1,,,,,,
Bel Air,Bel Air,GPE,0.17105263,0.44736842,en,1.90000000,,-1,,,,,,
Sarabetsu,Sarabetsu,GPE,-0.01900585,0.37426901,en,1.90000000,,-1,,,,,,
Leh,Leh,GPE,0.00000000,0.00000000,en,1.90000000,4421566-6,1264976,X,34.16503900,77.58401900,ASIA,India,TIB
The United States Geological Surve,The United States Geological Surve,GPE,0.00000000,0.00000000,en,1.90000000,,-1,,,,,,
Tofino,Tofino,GPE,-0.15311005,0.49840510,en,1.90000000,,-1,,,,,,
the Calaveras Fault,the Calaveras Fault,LOC,-0.07894737,0.78947368,en,1.90000000,,-1,,,,,,
WELLINGTON,WELLINGTON,GPE,0.25326954,0.57288676,en,1.90000000,,-1,,,,,,
Virginia City,Virginia City,GPE,0.05645933,0.40574163,en,1.90000000,,-1,,,,,,
Shawville,Shawville,GPE,0.10526316,0.31578947,en,1.90000000,,-1,,,,,,
New Madrid,New Madrid,GPE,0.14354067,0.47846890,en,1.90000000,,-1,,,,,,
Pisa,Pisa,GPE,0.00000000,0.00000000,en,1.90000000,4046151-8,3170647,X,43.71553000,10.39658900,EUROPE-AFRICA,Italy,MED
Santa Cruz Mountains Residents React to Strongest,Santa Cruz Mountains Residents React to Strongest,GPE,0.00000000,0.00000000,en,1.90000000,,-1,,,,,,
Salt Lake City,Salt Lake City,GPE,0.00000000,0.00000000,en,1.90000000,,-1,,,,,,
Kalimantan,Kalimantan,GPE,0.28070175,0.54385965,en,1.90000000,,-1,,,,,,
Ventura County,Ventura County,GPE,0.52631579,0.52631579,en,1.90000000,,-1,,,,,,
LAS VEGAS,LAS VEGAS,GPE,-0.26900585,0.45614035,en,1.90000000,,-1,,,,,,
Costa Rica,Costa Rica,GPE,0.00000000,0.00000000,en,1.90000000,4010618-4,3624060,X,10.00000000,-84.00000000,CENTRAL-AMERICA,Costa Rica,SCA
Area,Area,LOC,-0.26900585,0.45614035,en,1.90000000,,-1,,,,,,
the Northern Maluku Sea,the Northern Maluku Sea,LOC,0.15789474,0.52631579,en,1.90000000,,-1,,,,,,
Kagoshima,Kagoshima,GPE,0.22807018,0.47368421,en,1.90000000,4308810-7,1860827,X,31.56017900,130.55814000,ASIA,,EAS
Coachella Valley,Coachella Valley,LOC,0.22807018,0.38596491,en,1.90000000,,-1,,,,,,
Athens,Athens,GPE,0.11023392,0.29083821,en,1.90000000,4003366-1,264371,X,37.97944900,23.71621900,EUROPE-AFRICA,Greece,MED
the Commonwealth of Virginia,the Commonwealth of Virginia,GPE,0.17543860,0.35087719,en,1.90000000,,-1,,,,,,
the Hula Valley,the Hula Valley,LOC,0.00000000,0.00000000,en,1.90000000,,-1,,,,,,
Southeast Asia,Southeast Asia,LOC,0.10902256,0.32330827,en,1.90000000,,-1,,,,,,
-7.4,-7.4,GPE,-0.13157895,0.14035088,en,1.90000000,,-1,,,,,,
Central Illinois,Central Illinois,LOC,-0.01578947,0.32192982,en,1.90000000,,-1,,,,,,
Papua New Guinea,Papua New Guinea,GPE,0.00422648,0.36204147,en,1.90000000,4044569-0,2088628,X,-6.00000000,147.00000000,ASIA,Papua New Guinea,SEA
Bitung,Bitung,GPE,0.05263158,0.32748538,en,1.90000000,,-1,,,,,,
Oman,Oman,GPE,0.07236842,0.42105263,en,1.90000000,4075653-1,286963,X,21.00000000,57.00000000,ASIA,Oman,ARP
Redlands,Redlands,GPE,0.05263158,0.15789474,en,1.90000000,,-1,,,,,,
DORAL,DORAL,GPE,-0.27631579,0.52456140,en,1.90000000,,-1,,,,,,
Bitung City,Bitung City,GPE,-0.21052632,0.00000000,en,1.90000000,,-1,,,,,,
EL CENTRO,EL CENTRO,GPE,0.23026316,0.30701754,en,1.90000000,,-1,,,,,,
Las Vegas Park,Las Vegas Park,GPE,0.03258145,0.13345865,en,1.90000000,,-1,,,,,,
SAN RAMON,SAN RAMON,GPE,0.71052632,0.78947368,en,1.90000000,,-1,,,,,,
Punjab,Punjab,GPE,-0.01116427,0.09728868,en,1.90000000,,-1,,,,,,
Central Sulawesi,Central Sulawesi,LOC,-0.15789474,0.34210526,en,1.90000000,,-1,,,,,,
Gansu province,Gansu province,GPE,0.02631579,0.10526316,en,1.90000000,,-1,,,,,,
Kanpur,Kanpur,GPE,0.01776316,0.30460526,en,1.90000000,4029504-7,1267995,X,26.44780000,80.34627000,ASIA,India,SAS
Gansu Province,Gansu Province,GPE,0.03157895,0.10877193,en,1.90000000,4097624-5,1810676,X,38.00000000,102.00000000,ASIA,China,ECA
Monroe,Monroe,GPE,0.19736842,0.52631579,en,1.90000000,,-1,,,,,,
chile,chile,GPE,0.00000000,0.00000000,en,1.90000000,,-1,,,,,,
Hormozgan province,Hormozgan province,GPE,0.00000000,0.00000000,en,1.90000000,,-1,,,,,,
Mount Everest,Mount Everest,LOC,-0.84210526,1.05263158,en,1.90000000,,-1,,,,,,
the Central West,the Central West,LOC,0.02930622,0.48803828,en,1.90000000,,-1,,,,,,
North India,North India,GPE,0.30921053,0.46710526,en,1.90000000,,-1,,,,,,
Vancouver,Vancouver,GPE,0.09649123,0.24561404,en,1.90000000,,-1,,,,,,
the Gulf of Mexico,the Gulf of Mexico,LOC,0.03508772,0.07017544,en,1.90000000,,-1,,,,,,
Kagoshima Prefecture,Kagoshima Prefecture,LOC,0.22807018,0.38596491,en,1.90000000,,-1,,,,,,
Molucca Sea,Molucca Sea,LOC,0.17218045,0.90902256,en,1.90000000,,-1,,,,,,
Fillmore,Fillmore,GPE,0.52631579,0.52631579,en,1.90000000,,-1,,,,,,
Que.,Que.,GPE,0.10526316,0.31578947,en,1.90000000,,-1,,,,,,
BANGKOK,BANGKOK,GPE,0.18421053,0.28947368,en,1.90000000,,-1,,,,,,
Sulawesi,Sulawesi,GPE,0.22807018,0.38596491,en,1.90000000,,-1,,,,,,
Novorossiysk,Novorossiysk,GPE,0.00000000,0.00000000,en,1.90000000,4307939-8,518255,X,44.72438900,37.76751900,EUROPE-AFRICA,Russia,MED
Malmö,Malmö,GPE,-0.06578947,0.19736842,en,1.90000000,4114951-8,2692969,X,55.60587000,13.30000000,EUROPE,Sweden,NEU
MOSCOW,MOSCOW,GPE,0.08373206,0.15849282,en,1.90000000,,-1,,,,,,
Sulawesi Sea,Sulawesi Sea,LOC,0.05263158,0.21052632,en,1.90000000,,-1,,,,,,
East Nusa,East Nusa,GPE,-0.08771930,0.13157895,en,1.90000000,,-1,,,,,,
Talaud,Talaud,GPE,-0.10526316,0.21052632,en,1.90000000,,-1,,,,,,
Southern Marmara,Southern Marmara,LOC,0.00000000,0.00000000,en,1.90000000,,-1,,,,,,
KUALA LUMPUR,KUALA LUMPUR,GPE,0.00000000,0.17543860,en,1.90000000,,-1,,,,,,
Edgefield,Edgefield,GPE,0.00701754,0.44035088,en,1.90000000,,-1,,,,,,
Thrace,Thrace,GPE,0.00000000,0.00000000,en,1.90000000,,-1,,,,,,
Cadia,Cadia,GPE,0.00000000,0.18421053,en,1.90000000,,-1,,,,,,
Kanchenjunga,Kanchenjunga,GPE,0.10526316,0.31578947,en,1.90000000,,-1,,,,,,
Shimla,Shimla,GPE,0.17543860,0.26315789,en,1.90000000,4118663-1,1256237,X,31.10444400,77.16666600,ASIA,India,TIB
Nicobar,Nicobar,GPE,0.00000000,0.21052632,en,1.90000000,,-1,,,,,,
Seoul,Seoul,GPE,0.00000000,0.00000000,en,1.90000000,4122021-3,1835848,X,37.56826000,126.97782900,ASIA,South Korea,EAS
New South Wales's,New South Wales's,GPE,0.07177033,0.37081340,en,1.90000000,,-1,,,,,,
the Guangxi Zhuang Autonomous Region of Southwest China,the Guangxi Zhuang Autonomous Region of Southwest China,GPE,0.00000000,0.68421053,en,1.90000000,,-1,,,,,,
the Tyrrhenian Sea,the Tyrrhenian Sea,LOC,0.00000000,0.00000000,en,1.90000000,,-1,,,,,,
Ranoli,Ranoli,GPE,0.00000000,0.00000000,en,1.90000000,,-1,,,,,,
Minahasa,Minahasa,GPE,0.00000000,0.24561404,en,1.90000000,,-1,,,,,,
the Liunan District,the Liunan District,LOC,0.00000000,0.68421053,en,1.90000000,,-1,,,,,,
magnitude-5.2,magnitude-5.2,GPE,0.02631579,0.26315789,en,1.90000000,,-1,,,,,,
Coushatta,Coushatta,GPE,-0.04385965,0.28654971,en,1.90000000,,-1,,,,,,
Harford County,Harford County,GPE,0.17105263,0.44736842,en,1.90000000,,-1,,,,,,
Sikar district,Sikar district,LOC,0.35087719,0.52631579,en,1.90000000,,-1,,,,,,
Azerbaijan,Azerbaijan,GPE,0.01052632,0.15789474,en,1.90000000,4068887-2,587116,X,40.50000000,47.50000000,ASIA,Azerbaijan,WCA
Okinawa,Okinawa,GPE,-0.04385965,0.13157895,en,1.90000000,4247457-7,1894616,X,26.33583000,127.80138900,ASIA,Japan,EAS
Palu City,Palu City,GPE,0.00000000,0.13157895,en,1.90000000,,-1,,,,,,
BAKU,BAKU,GPE,0.01052632,0.15789474,en,1.90000000,,-1,,,,,,
Gwynedd,Gwynedd,GPE,0.01754386,0.51754386,en,1.90000000,,-1,,,,,,
Ioannina,Ioannina,GPE,0.11988304,0.18713450,en,1.90000000,4197925-4,261779,X,39.66749900,20.85082900,EUROPE-AFRICA,Greece,MED
Davao Occidental,Davao Occidental,GPE,0.23763955,0.72926635,en,1.90000000,,-1,,,,,,
Mindanao Island,Mindanao Island,LOC,0.14736842,0.50526316,en,1.90000000,,-1,,,,,,
Labrador,Labrador,GPE,0.15789474,0.67836257,en,1.90000000,,-1,,,,,,
Van province,Van province,GPE,0.00000000,0.00000000,en,1.90000000,,-1,,,,,,
the Bay of,the Bay of,LOC,0.00000000,0.39035088,en,1.90000000,,-1,,,,,,
magnitude-6.7 tectonic,magnitude-6.7 tectonic,GPE,0.00000000,0.26315789,en,1.90000000,,-1,,,,,,
HONG KONG,HONG KONG,GPE,0.09210526,0.14473684,en,1.90000000,,-1,,,,,,
Shaanxi,Shaanxi,GPE,0.37894737,0.62969925,en,1.90000000,4217620-7,1796480,X,36.00000000,109.00000000,ASIA,China,EAS
HOKKAIDO,HOKKAIDO,GPE,0.14035088,0.28508772,en,1.90000000,,-1,,,,,,
Doda district,Doda district,LOC,0.18421053,0.42105263,en,1.90000000,,-1,,,,,,
Tokat,Tokat,GPE,0.02192982,0.17543860,en,1.90000000,,-1,,,,,,
CORTINA D'AMPEZZO,CORTINA D'AMPEZZO,GPE,0.19473684,0.42105263,en,1.90000000,,-1,,,,,,
Kikai,Kikai,LOC,-0.05263158,0.21052632,en,1.90000000,,-1,,,,,,
Nicobar Islands,Nicobar Islands,GPE,0.21052632,0.21052632,en,1.90000000,,-1,,,,,,
Pacitan City,Pacitan City,GPE,-0.18713450,0.42105263,en,1.90000000,,-1,,,,,,
Cairo,Cairo,GPE,-0.05263158,0.05263158,en,1.90000000,4029236-8,360630,X,30.06262900,31.24966900,EUROPE-AFRICA,Egypt,MED
Ritak,Ritak,GPE,0.00000000,0.21929825,en,1.90000000,,-1,,,,,,
Ukhrul,Ukhrul,GPE,0.05263158,0.52631579,en,1.90000000,,-1,,,,,,
Gunma,Gunma,GPE,0.12171053,0.39473684,en,1.90000000,4390424-5,2129484,X,43.68860900,141.68721900,ASIA,Japan,EAS
Bhotkhola Rural Municipality,Bhotkhola Rural Municipality,GPE,0.00000000,0.21929825,en,1.90000000,,-1,,,,,,
lush Kona,lush Kona,LOC,0.04385965,0.36842105,en,1.90000000,,-1,,,,,,
the Volcano Islands,the Volcano Islands,LOC,0.09210526,0.14473684,en,1.90000000,,-1,,,,,,
Nye County,Nye County,GPE,0.00000000,0.00000000,en,1.90000000,,-1,,,,,,
Chamba district,Chamba district,LOC,0.00000000,0.36842105,en,1.90000000,,-1,,,,,,
Bhojpur,Bhojpur,GPE,0.00000000,0.00000000,en,1.90000000,,-1,,,,,,
Puerto Escondido,Puerto Escondido,GPE,0.03508772,0.14035088,en,1.90000000,,-1,,,,,,
Gerash,Gerash,GPE,-0.01315789,0.60526316,en,1.90000000,,-1,,,,,,
Sanriku,Sanriku,GPE,0.07894737,0.27631579,en,1.90000000,,-1,,,,,,
Chinas Guangxi,Chinas Guangxi,GPE,0.08771930,0.31578947,en,1.90000000,,-1,,,,,,
Prospect Lefferts Gardens,Prospect Lefferts Gardens,LOC,0.11842105,0.47368421,en,1.90000000,,-1,,,,,,
Germany,Germany,GPE,0.11164274,0.35167464,en,1.90000000,,-1,,,,,,
Ilam,Ilam,GPE,0.02631579,0.19298246,en,1.90000000,,-1,,,,,,
Himachal,Himachal,GPE,0.00000000,0.36842105,en,1.90000000,,-1,,,,,,
Pradesh,Pradesh,GPE,0.00000000,0.36842105,en,1.90000000,,-1,,,,,,
Newfoundland,Newfoundland,GPE,0.15789474,0.67836257,en,1.90000000,,-1,,,,,,
Mai Jogmai Rural Municipality,Mai Jogmai Rural Municipality,GPE,0.02631579,0.19298246,en,1.90000000,,-1,,,,,,
Puerto,Puerto,GPE,0.00000000,0.00000000,en,1.90000000,,-1,,,,,,
the Pacific coastline,the Pacific coastline,LOC,0.21228070,0.57719298,en,1.90000000,,-1,,,,,,
the Kathmandu Valley,the Kathmandu Valley,LOC,0.00000000,0.00000000,en,1.90000000,,-1,,,,,,
New Mexico,New Mexico,GPE,0.23046252,0.53429027,en,1.90000000,4042006-1,5481136,X,34.50034000,-106.49999900,NORTH-AMERICA,United States,WNA
Auckland,Auckland,GPE,0.12333865,0.43062201,en,1.90000000,4086091-7,2193733,X,-36.86666600,174.76666600,OCEANIA,New Zealand,NZ
BOGOTA,BOGOTA,GPE,-0.02280702,0.56491228,en,1.90000000,,-1,,,,,,
Verisk,Verisk,GPE,0.00000000,0.00000000,en,1.90000000,,-1,,,,,,
Catia La,Catia La,GPE,0.00877193,0.04385965,en,1.90000000,,-1,,,,,,
the Texas Panhandle,the Texas Panhandle,LOC,0.10526316,0.31578947,en,1.90000000,,-1,,,,,,
the east coast,the east coast,LOC,-0.04824561,0.15350877,en,1.90000000,,-1,,,,,,
Kansas,Kansas,GPE,0.21052632,0.36842105,en,1.90000000,4114131-3,4273857,X,38.50028900,-98.50063000,NORTH-AMERICA,United States,CNA
Misawa,Misawa,GPE,-0.31578947,0.47368421,en,1.90000000,,-1,,,,,,
northeastern coast,northeastern coast,LOC,-0.30701754,0.87719298,en,1.90000000,,-1,,,,,,
Atacama,Atacama,GPE,0.00000000,0.00000000,en,1.90000000,4003346-6,3899194,X,-28.51584000,-71.99999900,SOUTH-AMERICA,,SWS
Panhandle,Panhandle,LOC,0.00877193,0.33333333,en,1.90000000,,-1,,,,,,
Portugal,Portugal,GPE,0.10526316,0.15789474,en,1.90000000,4046843-4,2264397,X,39.50000000,-8.00000000,EUROPE-AFRICA,Portugal,MED
Sudan,Sudan,GPE,0.52631579,0.52631579,en,1.90000000,4058378-8,366755,X,16.00000000,30.00000000,AFRICA,Sudan,SAH
Samaritan,Samaritan,GPE,0.00000000,0.00000000,en,1.90000000,,-1,,,,,,
LOS ANGELES/OTTAWA,LOS ANGELES/OTTAWA,GPE,0.18421053,0.28947368,en,1.90000000,,-1,,,,,,
Elbert,Elbert,GPE,0.00000000,0.35087719,en,1.90000000,,-1,,,,,,
Halmahera region,Halmahera region,LOC,0.10526316,0.42105263,en,1.90000000,,-1,,,,,,
El Paso,El Paso,GPE,0.00000000,0.35087719,en,1.90000000,,-1,,,,,,
Miyakojima Island,Miyakojima Island,LOC,0.00000000,0.00000000,en,1.90000000,,-1,,,,,,
the Nankai Trough,the Nankai Trough,LOC,0.13815789,0.82565789,en,1.90000000,,-1,,,,,,
Hualien city,Hualien city,GPE,0.18421053,0.28947368,en,1.90000000,,-1,,,,,,
Sumatra island,Sumatra island,LOC,0.22807018,0.38596491,en,1.90000000,,-1,,,,,,
Virgin Islands,Virgin Islands,GPE,0.00000000,0.00000000,en,1.90000000,,-1,,,,,,
the Noto Peninsula,the Noto Peninsula,LOC,0.14035088,0.64912281,en,1.90000000,,-1,,,,,,
Perth,Perth,GPE,0.05263158,0.21052632,en,1.90000000,,-1,,,,,,
Southern Japan,Southern Japan,LOC,0.03759398,0.25062657,en,1.90000000,,-1,,,,,,
Perthshire,Perthshire,GPE,0.29385965,0.48684211,en,1.90000000,,-1,,,,,,
Yibin,Yibin,GPE,-0.05263158,0.28070175,en,1.90000000,,-1,,,,,,
Chinas,Chinas,GPE,0.01315789,0.32346491,en,1.90000000,,-1,,,,,,
Khuzdar,Khuzdar,GPE,0.19736842,0.46052632,en,1.90000000,,-1,,,,,,
the Yatsushiro Sea,the Yatsushiro Sea,LOC,0.00000000,0.00000000,en,1.90000000,,-1,,,,,,
MIAMI,MIAMI,GPE,0.26315789,0.27485380,en,1.90000000,,-1,,,,,,
Major Fault Zones,Major Fault Zones,LOC,0.23793860,0.42982456,en,1.90000000,,-1,,,,,,
the Ariake Sea,the Ariake Sea,LOC,0.00000000,0.00000000,en,1.90000000,,-1,,,,,,
Darrang,Darrang,GPE,0.00000000,0.00000000,en,1.90000000,,-1,,,,,,
Pacific Island,Pacific Island,LOC,0.05263158,0.39473684,en,1.90000000,,-1,,,,,,
West Java,West Java,GPE,0.18947368,1.37894737,en,1.90000000,,-1,,,,,,
Silverdale,Silverdale,GPE,0.00000000,0.00000000,en,1.90000000,,-1,,,,,,
Oakland,Oakland,GPE,0.18959330,0.75259171,en,1.90000000,,-1,,,,,,
Okinawa Prefecture,Okinawa Prefecture,GPE,0.00000000,0.00000000,en,1.90000000,,-1,,,,,,
Zone VI,Zone VI,LOC,0.03488836,0.60606061,en,1.90000000,,-1,,,,,,
San Marcos,San Marcos,GPE,0.06140351,0.24561404,en,1.90000000,,-1,,,,,,
Alberta,Alberta,GPE,0.26315789,0.26315789,en,1.90000000,4001049-1,5883102,X,52.28332900,-117.46899900,NORTH-AMERICA,Canada,NWN
Isangel,Isangel,GPE,0.00000000,0.00000000,en,1.90000000,,-1,,,,,,
Tafea,Tafea,GPE,0.00000000,0.00000000,en,1.90000000,,-1,,,,,,
Myrtle Beach,Myrtle Beach,GPE,0.10526316,0.84210526,en,1.90000000,,-1,,,,,,
Wellington,Wellington,GPE,0.00000000,0.00000000,en,1.90000000,4119042-7,2179537,X,-41.28638800,174.77555500,OCEANIA,New Zealand,NZ
Czech Republic,Czech Republic,GPE,0.00000000,0.00000000,en,1.90000000,4303381-7,3077311,X,49.75000000,15.00000000,EUROPE,Czechia,WCE
Singapore,Singapore,GPE,0.00751880,0.47619048,en,1.90000000,4055089-8,1880251,X,1.36667000,103.79999900,ASIA,Singapore,SEA
Pacocha,Pacocha,GPE,0.00000000,0.00000000,en,1.90000000,,-1,,,,,,
Gulf of California,Gulf of California,LOC,0.10526316,0.31578947,en,1.90000000,,-1,,,,,,
the Andes region,the Andes region,LOC,-0.02631579,0.34210526,en,1.90000000,,-1,,,,,,
Groningen,Groningen,GPE,0.00986842,0.91447368,en,1.90000000,4094052-4,2755251,X,53.21916900,6.56667000,EUROPE,The Netherlands,NEU
Baramulla,Baramulla,GPE,0.22807018,0.42105263,en,1.90000000,,-1,,,,,,
Sendai City,Sendai City,GPE,0.10526316,0.42105263,en,1.90000000,,-1,,,,,,
Marion,Marion,GPE,-0.01315789,0.40789474,en,1.90000000,,-1,,,,,,
North Carolina,North Carolina,GPE,-0.01315789,0.40789474,en,1.90000000,4042551-4,4482348,X,35.50068900,-80.20000000,NORTH-AMERICA,United States,ENA
Guadeloupe,Guadeloupe,GPE,0.03070175,0.21491228,en,1.90000000,4086841-2,3579143,X,16.25000000,-61.58332900,CENTRAL-AMERICA,Guadeloupe,CAR
United States,United States,GPE,0.00000000,0.31798246,en,1.90000000,,-1,,,,,,
Merizo Village,Merizo Village,GPE,0.00000000,0.00000000,en,1.90000000,,-1,,,,,,
Skwentna,Skwentna,GPE,0.00000000,0.00000000,en,1.90000000,,-1,,,,,,
Douglas counties,Douglas counties,GPE,0.00000000,0.35087719,en,1.90000000,,-1,,,,,,
Marmara,Marmara,GPE,0.00000000,0.00000000,en,1.90000000,,-1,,,,,,
southcentral,southcentral,GPE,0.00000000,0.00000000,en,1.90000000,,-1,,,,,,
Northern Sumatra,Northern Sumatra,GPE,0.43421053,0.72368421,en,1.90000000,,-1,,,,,,
Rattles Bay Area,Rattles Bay Area,LOC,0.00000000,1.05263158,en,1.90000000,,-1,,,,,,
Aso City,Aso City,GPE,0.31578947,1.05263158,en,1.90000000,,-1,,,,,,
"Mandalay, Burma","Mandalay, Burma",GPE,-0.26315789,0.42105263,en,1.90000000,,-1,,,,,,
Chile Argentina,Chile Argentina,GPE,0.10526316,0.42105263,en,1.90000000,,-1,,,,,,
the Marmara Sea,the Marmara Sea,LOC,-0.01345694,0.43540670,en,1.90000000,,-1,,,,,,
Templeton,Templeton,GPE,-0.04912281,0.41052632,en,1.90000000,,-1,,,,,,
Cyprus,Cyprus,GPE,0.00000000,0.00000000,en,1.90000000,,-1,,,,,,
Central Coast,Central Coast,LOC,-0.02456140,0.33684211,en,1.90000000,,-1,,,,,,
Paso Robles,Paso Robles,GPE,-0.02456140,0.33684211,en,1.90000000,,-1,,,,,,
Yibin City,Yibin City,GPE,0.10526316,0.31578947,en,1.90000000,,-1,,,,,,
Hawai'i Island,Hawai'i Island,LOC,0.00000000,1.05263158,en,1.90000000,,-1,,,,,,
Rockies,Rockies,LOC,-0.21052632,0.21052632,en,1.90000000,,-1,,,,,,
An Enormous Lake,An Enormous Lake,LOC,0.07017544,0.57017544,en,1.90000000,,-1,,,,,,
Sicaya,Sicaya,GPE,-0.10526316,0.17543860,en,1.90000000,,-1,,,,,,
Aceh Besar,Aceh Besar,GPE,0.40421053,0.76421053,en,1.90000000,,-1,,,,,,
Northeastern Japan,Northeastern Japan,LOC,0.17105263,0.36403509,en,1.90000000,,-1,,,,,,
Flagler Beach,Flagler Beach,GPE,0.00000000,0.00000000,en,1.90000000,,-1,,,,,,
the Cumberland Gap,the Cumberland Gap,LOC,-0.05263158,1.05263158,en,1.90000000,,-1,,,,,,
NEW YORK,NEW YORK,GPE,0.14330144,0.24082935,en,1.90000000,,-1,,,,,,
UNICEF,UNICEF,GPE,0.00000000,0.00000000,en,1.90000000,,-1,,,,,,
the Tajik Autonomous County,the Tajik Autonomous County,GPE,0.33333333,0.63157895,en,1.90000000,,-1,,,,,,
Taxkorgan,Taxkorgan,GPE,0.33333333,0.63157895,en,1.90000000,,-1,,,,,,
Manila,Manila,GPE,-0.08771930,0.31578947,en,1.90000000,4037344-7,1701668,X,14.60420000,120.98220000,ASIA,Philippines,SEA
Kashgar,Kashgar,GPE,0.33333333,0.63157895,en,1.90000000,,-1,,,,,,
Xinjiang Uygur Autonomous Region,Xinjiang Uygur Autonomous Region,GPE,0.33333333,0.63157895,en,1.90000000,4077460-0,1529047,X,42.56916900,85.45610900,ASIA,China,ECA
the Bolivarian Republic of Venezuela,the Bolivarian Republic of Venezuela,GPE,-0.52631579,0.57894737,en,1.90000000,,-1,,,,,,
magnitude-7.4,magnitude-7.4,GPE,0.31578947,1.05263158,en,1.90000000,,-1,,,,,,
Cote d'Ivoire's,Cote d'Ivoire's,GPE,0.00000000,0.00000000,en,1.90000000,,-1,,,,,,
San Francisco’s,San Francisco’s,GPE,-0.06683375,0.12113617,en,1.90000000,,-1,,,,,,
New England,New England,LOC,-0.00574163,0.28612440,en,1.90000000,,-1,,,,,,
Davao,Davao,GPE,0.00000000,0.00000000,en,1.90000000,,-1,,,,,,
Udalguri,Udalguri,GPE,0.07894737,0.19298246,en,1.90000000,,-1,,,,,,
Bageshwar district,Bageshwar district,LOC,0.35087719,0.52631579,en,1.90000000,,-1,,,,,,
Perak,Perak,GPE,0.00000000,0.15789474,en,1.90000000,4304095-0,1733041,X,5.00000000,101.00000000,ASIA,Malaysia,SEA
Fukuoka,Fukuoka,GPE,-0.10526316,0.34210526,en,1.90000000,4125989-0,1863967,X,33.60000000,130.41666600,ASIA,Japan,EAS
the Dead Sea,the Dead Sea,LOC,-0.07017544,0.28947368,en,1.90000000,,-1,,,,,,
Hakata,Hakata,GPE,0.00000000,0.17543860,en,1.90000000,,-1,,,,,,
Tottori Prefecture,Tottori Prefecture,LOC,-0.03947368,0.07894737,en,1.90000000,,-1,,,,,,
Vallenar,Vallenar,GPE,0.00000000,0.00000000,en,1.90000000,,-1,,,,,,
Dublin,Dublin,GPE,-0.26315789,0.26315789,en,1.90000000,4013170-1,2964574,X,53.33306000,-6.24889000,EUROPE,Ireland,NEU
‌southern Mexico,‌southern Mexico,GPE,0.18062201,0.55821372,en,1.90000000,,-1,,,,,,
Guerrero,Guerrero,GPE,0.07017544,0.26315789,en,1.90000000,,-1,,,,,,
‌hospitals,‌hospitals,GPE,0.18062201,0.55821372,en,1.90000000,,-1,,,,,,
trembler,trembler,GPE,0.15789474,0.39473684,en,1.90000000,,-1,,,,,,
Rome,Rome,GPE,-0.30370370,0.54135802,en,1.80000000,,-1,,,,,,
Jamaica,Jamaica,GPE,-0.64043210,1.69907407,en,1.80000000,4028456-6,3489940,X,18.25000000,-77.50000000,CENTRAL-AMERICA,Jamaica,CAR
Southwest,Southwest,LOC,0.06313131,0.48821549,en,1.80000000,,-1,,,,,,
NEW MEXICO,NEW MEXICO,GPE,0.06313131,0.48821549,en,1.80000000,,-1,,,,,,
Vietnam,Vietnam,GPE,0.16928105,1.10522876,en,1.70000000,4063514-4,1562822,X,16.16666900,107.83333000,ASIA,Vietnam,SEA
Timor island,Timor island,LOC,0.00000000,0.00000000,en,1.70000000,,-1,,,,,,
Noto Peninsula Earthquake,Noto Peninsula Earthquake,LOC,0.06535948,0.20915033,en,1.70000000,,-1,,,,,,
Playa Grande,Playa Grande,GPE,0.09803922,0.19607843,en,1.70000000,,-1,,,,,,
Mexicos,Mexicos,GPE,0.02941176,0.43137255,en,1.70000000,,-1,,,,,,
Seychelles,Seychelles,GPE,0.16911765,0.58823529,en,1.70000000,4054694-9,241170,X,-4.58333000,55.66667000,INDIAN,,EIO
BROWARD COUNTY,BROWARD COUNTY,GPE,0.00000000,0.16993464,en,1.70000000,,-1,,,,,,
Southern Mexico,Southern Mexico,LOC,0.05421866,0.12789661,en,1.70000000,,-1,,,,,,
Bay Area Rocked,Bay Area Rocked,LOC,0.25326797,0.81699346,en,1.70000000,,-1,,,,,,
Time Zone,Time Zone,GPE,0.00000000,0.00000000,en,1.70000000,,-1,,,,,,
NEW DELHI,NEW DELHI,GPE,0.15641711,0.38343519,en,1.70000000,,-1,,,,,,
Tallahassee,Tallahassee,GPE,0.03921569,0.07843137,en,1.70000000,,-1,,,,,,
South Island,South Island,LOC,0.04010695,0.13368984,en,1.70000000,,-1,,,,,,
The West Coast,The West Coast,LOC,-0.01225490,0.17647059,en,1.70000000,,-1,,,,,,
Gaza,Gaza,GPE,0.08680556,0.43402778,en,1.60000000,,-1,,,,,,
Santorini,Santorini,GPE,0.18750000,0.90625000,en,1.60000000,,-1,,,,,,
LA,LA,GPE,-0.35000000,0.70000000,en,1.60000000,,-1,,,,,,
Ohio,Ohio,GPE,-0.06666667,0.40000000,en,1.50000000,,-1,,,,,,
Romania,Romania,GPE,0.04807692,0.39102564,en,1.30000000,4288396-9,4560808,X,39.79341900,-79.04474900,NORTH-AMERICA,United States,ENA
Earth Planet,Earth Planet,LOC,0.00000000,0.00000000,en,1.30000000,,-1,,,,,,
Ethiopia,Ethiopia,GPE,0.05982906,0.51709402,en,1.30000000,4000639-6,337996,X,8.00000000,38.00000000,AFRICA,Ethiopia,NEAF
Danapur,Danapur,GPE,-0.44444444,0.49572650,en,1.30000000,,-1,,,,,,
Kremlin,Kremlin,GPE,0.13461538,0.28846154,en,1.30000000,4656347-7,2884405,X,52.95065000,11.03885900,EUROPE,Germany,WCE
Nethravati River,Nethravati River,LOC,0.30769231,0.46153846,en,1.30000000,,-1,,,,,,
KHON2,KHON2,GPE,0.15384615,0.33846154,en,1.30000000,,-1,,,,,,
the Historical Peninsula,the Historical Peninsula,LOC,0.02564103,0.07692308,en,1.30000000,,-1,,,,,,
Mountain View,Mountain View,GPE,0.08974359,0.48717949,en,1.30000000,,-1,,,,,,
San Diego County,San Diego County,GPE,0.38461538,0.71794872,en,1.30000000,,-1,,,,,,
Honduras,Honduras,GPE,-0.25641026,0.29914530,en,1.30000000,4025814-2,3608932,X,15.00000000,-86.50000000,CENTRAL-AMERICA,Honduras,SCA
Westchester,Westchester,GPE,0.46153846,0.61538462,en,1.30000000,,-1,,,,,,
Brooklyn,Brooklyn,GPE,0.46153846,0.61538462,en,1.30000000,,-1,,,,,,
HONOLULU,HONOLULU,GPE,0.15384615,0.33846154,en,1.30000000,,-1,,,,,,
Bronx,Bronx,GPE,0.46153846,0.61538462,en,1.30000000,,-1,,,,,,
Tenn.,Tenn.,GPE,-0.12500000,1.37500000,en,1.20000000,,-1,,,,,,
Southport,Southport,GPE,-0.62962963,0.90740741,en,1.20000000,,-1,,,,,,
Springfield,Springfield,GPE,-0.18750000,0.39583333,en,1.20000000,,-1,,,,,,
Humphreys County,Humphreys County,GPE,0.00000000,0.67272727,en,1.10000000,,-1,,,,,,
the Marina Islands,the Marina Islands,LOC,0.18181818,0.27272727,en,1.10000000,,-1,,,,,,
Aegean Sea,Aegean Sea,LOC,0.26262626,0.66035354,en,1.10000000,,-1,,,,,,
Hamadori,Hamadori,GPE,0.34573003,0.87465565,en,1.10000000,,-1,,,,,,
Eastern Europe,Eastern Europe,LOC,0.04545455,0.59090909,en,1.10000000,,-1,,,,,,
the Tianshan Mountains,the Tianshan Mountains,LOC,0.33057851,0.83746556,en,1.10000000,,-1,,,,,,
the Mariana Trench,the Mariana Trench,LOC,0.00000000,0.36363636,en,1.10000000,,-1,,,,,,
Morocco,Morocco,GPE,0.00000000,0.00000000,en,1.10000000,4037680-1,2542007,X,32.00000000,-5.00000000,EUROPE-AFRICA,Morocco,MED
Colosseum,Colosseum,GPE,-0.07272727,0.25454545,en,1.10000000,,-1,,,,,,
Tughrul,Tughrul,GPE,0.00000000,0.00000000,en,1.10000000,,-1,,,,,,
Woodland Hills,Woodland Hills,GPE,0.24793388,0.82644628,en,1.10000000,,-1,,,,,,
Rey,Rey,GPE,0.00000000,0.00000000,en,1.10000000,,-1,,,,,,
Florina,Florina,GPE,-0.02272727,0.80303030,en,1.10000000,4385909-4,736229,X,40.78197000,21.40981000,EUROPE-AFRICA,Greece,MED
Amyntaio,Amyntaio,GPE,-0.02272727,0.80303030,en,1.10000000,,-1,,,,,,
ROME,ROME,GPE,-0.18181818,0.86363636,en,1.10000000,,-1,,,,,,
Tulane,Tulane,GPE,0.50000000,0.50000000,en,1.00000000,,-1,,,,,,
Stoke Newington,Stoke Newington,GPE,-0.46666667,0.56666667,en,1.00000000,,-1,,,,,,
Juneau,Juneau,GPE,-0.10000000,0.54285714,en,1.00000000,,-1,,,,,,
Oahu,Oahu,GPE,-0.26666667,0.36666667,en,1.00000000,,-1,,,,,,
NZ,NZ,GPE,-0.07500000,0.49166667,en,1.00000000,,-1,,,,,,
Milford,Milford,GPE,-0.07500000,0.49166667,en,1.00000000,,-1,,,,,,
Honaunau-Napoo,Honaunau-Napoo,LOC,-0.80000000,1.00000000,en,1.00000000,,-1,,,,,,
Hawaii Island,Hawaii Island,GPE,-0.05000000,0.25000000,en,1.00000000,,-1,,,,,,
South Kona,South Kona,GPE,-0.05000000,0.25000000,en,1.00000000,,-1,,,,,,
Malatya province,Malatya province,GPE,0.00000000,0.00000000,en,1.00000000,,-1,,,,,,
Va,Va,GPE,0.12500000,0.16666667,en,1.00000000,,-1,,,,,,
Kyushu Shinkansen,Kyushu Shinkansen,GPE,0.00000000,0.16666667,en,1.00000000,,-1,,,,,,
Honaunau,Honaunau,GPE,-0.05000000,0.25000000,en,1.00000000,,-1,,,,,,
Tamsui River,Tamsui River,GPE,0.19318182,0.39393939,en,1.00000000,,-1,,,,,,
Off Florida Coast,Off Florida Coast,LOC,0.10000000,0.40000000,en,1.00000000,,-1,,,,,,
South Sawyer Glacier,South Sawyer Glacier,LOC,0.06666667,0.46666667,en,1.00000000,,-1,,,,,,
Kashima,Kashima,GPE,-0.15000000,0.20000000,en,1.00000000,,-1,,,,,,
Mega-Tsunami,Mega-Tsunami,LOC,0.00000000,0.50000000,en,1.00000000,,-1,,,,,,
Hōnaunau-Nāpōʻopoʻo,Hōnaunau-Nāpōʻopoʻo,GPE,0.05000000,0.25000000,en,1.00000000,,-1,,,,,,
Hawaiian Coast,Hawaiian Coast,LOC,0.43333333,0.73333333,en,1.00000000,,-1,,,,,,
the west coast,the west coast,LOC,0.00000000,0.10000000,en,1.00000000,,-1,,,,,,
Ahbap,Ahbap,GPE,0.00000000,0.00000000,en,1.00000000,,-1,,,,,,
México,México,GPE,0.17976190,0.31726190,en,1.00000000,,-1,,,,,,
Guatema,Guatema,GPE,0.20000000,0.70000000,en,1.00000000,,-1,,,,,,
El SalvadorCNN,El SalvadorCNN,LOC,0.17916667,0.40000000,en,1.00000000,,-1,,,,,,
Haaland,Haaland,GPE,0.50000000,0.50000000,en,1.00000000,,-1,,,,,,
Riverside,Riverside,GPE,0.00000000,0.00000000,en,1.00000000,,-1,,,,,,
La …,La …,GPE,-0.03181818,0.25227273,en,1.00000000,,-1,,,,,,
Europes,Europes,LOC,0.32812500,0.50000000,en,1.00000000,,-1,,,,,,
the Battalgazi district,the Battalgazi district,LOC,0.00000000,0.00000000,en,1.00000000,,-1,,,,,,
southern Pacific coast,southern Pacific coast,LOC,0.17777778,0.37777778,en,1.00000000,,-1,,,,,,
Kauai,Kauai,GPE,0.10000000,1.00000000,en,1.00000000,,-1,,,,,,
the Seattle Fault Zone,the Seattle Fault Zone,LOC,0.17662338,0.49350649,en,1.00000000,,-1,,,,,,
The Kego Fault Zone,The Kego Fault Zone,GPE,-0.10000000,0.32500000,en,1.00000000,,-1,,,,,,
Papelón,Papelón,GPE,0.32500000,0.37500000,en,1.00000000,,-1,,,,,,
the Pardis area east,the Pardis area east,LOC,-0.25000000,0.40000000,en,1.00000000,,-1,,,,,,
Bolivia,Bolivia,GPE,-0.09166667,0.48333333,en,1.00000000,,-1,,,,,,
LIMA,LIMA,GPE,-0.10000000,0.20000000,en,1.00000000,,-1,,,,,,
Japans Kumamoto,Japans Kumamoto,LOC,0.15000000,0.55000000,en,1.00000000,,-1,,,,,,
Japan Kumamoto,Japan Kumamoto,GPE,0.50000000,0.90000000,en,1.00000000,,-1,,,,,,
Jets,Jets,LOC,0.50000000,0.50000000,en,1.00000000,,-1,,,,,,
Kotdewal,Kotdewal,GPE,-0.10000000,0.10000000,en,1.00000000,,-1,,,,,,
Ponce,Ponce,GPE,0.00000000,0.00000000,en,1.00000000,4326366-5,4566880,X,18.01107900,-66.61405900,CENTRAL-AMERICA,Puerto Rico,CAR
Eastern Turkey,Eastern Turkey,LOC,0.00000000,0.00000000,en,1.00000000,,-1,,,,,,
Ve,Ve,GPE,0.00000000,0.00000000,en,1.00000000,,-1,,,,,,
Kathmandu Valley,Kathmandu Valley,LOC,0.00000000,0.00000000,en,1.00000000,,-1,,,,,,
MA,MA,GPE,0.06666667,0.18333333,en,1.00000000,,-1,,,,,,
AMARILLO,AMARILLO,GPE,-0.05000000,0.20000000,en,1.00000000,,-1,,,,,,
Texas Panhandle,Texas Panhandle,LOC,0.30000000,0.90000000,en,1.00000000,,-1,,,,,,
Scranton,Scranton,GPE,0.00000000,0.00000000,en,1.00000000,,-1,,,,,,
Amami,Amami,GPE,0.43333333,0.73333333,en,1.00000000,,-1,,,,,,
Southern Iran,Southern Iran,LOC,0.00000000,0.00000000,en,1.00000000,,-1,,,,,,
the Anangu Pitjantjatjara,the Anangu Pitjantjatjara,LOC,-0.10000000,0.20000000,en,1.00000000,,-1,,,,,,
Kyushu Island,Kyushu Island,LOC,0.00000000,0.00000000,en,1.00000000,,-1,,,,,,
Kahima,Kahima,GPE,0.06666667,0.40000000,en,1.00000000,,-1,,,,,,
Matatirtha,Matatirtha,LOC,0.00000000,0.00000000,en,1.00000000,,-1,,,,,,
Minamisanriku,Minamisanriku,GPE,0.00000000,0.00000000,en,1.00000000,,-1,,,,,,
Sumida City,Sumida City,GPE,0.50000000,0.50000000,en,1.00000000,,-1,,,,,,
Miyagi,Miyagi,LOC,0.00000000,0.00000000,en,1.00000000,,-1,,,,,,
D.C.,D.C.,GPE,-0.30000000,0.60000000,en,1.00000000,,-1,,,,,,
Mosha,Mosha,LOC,0.18333333,0.55000000,en,1.00000000,,-1,,,,,,
Queens,Queens,GPE,0.17272727,0.41742424,en,1.00000000,,-1,,,,,,
Hanalei,Hanalei,GPE,0.10000000,1.00000000,en,1.00000000,,-1,,,,,,
Sneferu,Sneferu,GPE,0.07142857,0.47619048,en,1.00000000,,-1,,,,,,
Uki City,Uki City,GPE,0.05000000,0.16666667,en,1.00000000,,-1,,,,,,
Kego Fault Zone Also Faces Unruptured Segment Risk,Kego Fault Zone Also Faces Unruptured Segment Risk,GPE,0.00000000,0.00000000,en,1.00000000,,-1,,,,,,
Will Kumamoto Quake Drive Overseas Chipmakers Away,Will Kumamoto Quake Drive Overseas Chipmakers Away,GPE,0.00000000,0.00000000,en,1.00000000,,-1,,,,,,
Uki city,Uki city,GPE,-0.34583333,0.69583333,en,1.00000000,,-1,,,,,,
Hikawa,Hikawa,GPE,0.05000000,0.16666667,en,1.00000000,,-1,,,,,,
Central Region Hit,Central Region Hit,LOC,-0.15000000,0.32500000,en,1.00000000,,-1,,,,,,
Lima (Peru,Lima (Peru,GPE,-0.10000000,0.13333333,en,1.00000000,,-1,,,,,,
South Carolina Se,South Carolina Se,GPE,-0.07215909,0.35738636,en,1.00000000,,-1,,,,,,
Yatsushiro,Yatsushiro,GPE,0.01481481,0.39629630,en,1.00000000,,-1,,,,,,
Cambridge,Cambridge,GPE,0.06666667,0.18333333,en,1.00000000,4009351-7,2653941,X,52.20000000,0.11667000,EUROPE,United Kingdom,NEU
Hong Kong,Hong Kong,GPE,0.00416667,0.26250000,en,1.00000000,4025822-1,1819730,X,22.25000000,114.16666600,ASIA,Hong Kong,EAS
LONDON,LONDON,GPE,0.00000000,0.00000000,en,1.00000000,,-1,,,,,,
Middle East,Middle East,LOC,0.08750000,0.18750000,en,1.00000000,,-1,,,,,,
adobe,adobe,GPE,-0.10000000,0.20000000,en,1.00000000,,-1,,,,,,
Europa,Europa,LOC,0.08750000,0.18750000,en,1.00000000,4015701-5,6255148,X,48.69095900,9.14062000,EUROPE,Germany,WCE
Southwest China -,Southwest China -,LOC,0.00000000,0.00000000,en,1.00000000,,-1,,,,,,
Køge,Køge,GPE,0.10000000,0.40000000,en,1.00000000,4420429-2,2618415,X,55.45801900,12.18214000,EUROPE,Denmark,NEU
Junin,Junin,GPE,0.00000000,0.00000000,en,1.00000000,,-1,,,,,,
Kermanshah Province,Kermanshah Province,GPE,0.21666667,0.36666667,en,1.00000000,,-1,,,,,,
Kuzaran,Kuzaran,GPE,0.00000000,0.00000000,en,1.00000000,,-1,,,,,,
Daajing Giids,Daajing Giids,GPE,0.00000000,0.00000000,en,1.00000000,,-1,,,,,,
pe… Kumamoto,pe… Kumamoto,GPE,-0.23958333,0.34444444,en,1.00000000,,-1,,,,,,
Kermanshah province,Kermanshah province,GPE,0.00000000,0.00000000,en,1.00000000,,-1,,,,,,
the Giza Pyramids,the Giza Pyramids,LOC,0.07142857,0.47619048,en,1.00000000,,-1,,,,,,
Broward County's,Broward County's,GPE,0.00000000,0.14444444,en,1.00000000,,-1,,,,,,
Britain,Britain,GPE,-0.10000000,0.30000000,en,1.00000000,,-1,,,,,,
"the
Czech Republic","the
Czech Republic",GPE,0.00000000,0.00000000,en,1.00000000,,-1,,,,,,
Te Anau,Te Anau,GPE,-0.07500000,0.49166667,en,1.00000000,,-1,,,,,,
Island,Island,LOC,-0.25000000,0.40000000,en,1.00000000,4027754-9,2629691,X,65.00000000,-18.00000000,POLAR,Iceland,GIC
La Guaira… Skip,La Guaira… Skip,GPE,0.00000000,0.00000000,en,1.00000000,,-1,,,,,,
Powerful Earthquakes,Powerful Earthquakes,LOC,0.30000000,1.00000000,en,1.00000000,,-1,,,,,,
survi,survi,GPE,0.10000000,0.45000000,en,1.00000000,,-1,,,,,,
Kesennuma,Kesennuma,GPE,0.20000000,0.70000000,en,1.00000000,,-1,,,,,,
Forest,Forest,LOC,0.06250000,0.50000000,en,1.00000000,,-1,,,,,,
magnitude-3.4,magnitude-3.4,LOC,0.00000000,0.00000000,en,1.00000000,,-1,,,,,,
the Gulf Islands,the Gulf Islands,LOC,0.37500000,1.00000000,en,1.00000000,,-1,,,,,,
Gabriola Island,Gabriola Island,GPE,0.02083333,0.58750000,en,1.00000000,,-1,,,,,,
Zaha,Zaha,GPE,0.19318182,0.39393939,en,1.00000000,,-1,,,,,,
Nanaimo,Nanaimo,GPE,-0.25000000,0.40000000,en,1.00000000,,-1,,,,,,
Axios,Axios,GPE,0.18727273,0.50424242,en,1.00000000,,-1,,,,,,
Te Araroa,Te Araroa,LOC,0.00000000,0.00000000,en,1.00000000,,-1,,,,,,
Bay Area Alerts,Bay Area Alerts,LOC,0.10000000,0.40000000,en,1.00000000,,-1,,,,,,
the South Island,the South Island,LOC,0.50000000,0.50000000,en,1.00000000,,-1,,,,,,
Mendocino County,Mendocino County,GPE,0.10378788,0.60984848,en,1.00000000,,-1,,,,,,
Morón,Morón,GPE,0.27500000,0.66666667,en,1.00000000,,-1,,,,,,
El Salvador's,El Salvador's,GPE,0.30000000,1.00000000,en,1.00000000,,-1,,,,,,
Madrid,Madrid,GPE,0.20000000,0.30000000,en,1.00000000,4036862-2,3117735,X,40.41649900,-3.70256000,EUROPE-AFRICA,Spain,MED
Operation Amistad,Operation Amistad,LOC,0.00000000,0.00000000,en,1.00000000,,-1,,,,,,
eastern Japan,eastern Japan,LOC,0.00000000,0.00000000,en,1.00000000,,-1,,,,,,
Batlow,Batlow,GPE,0.01727273,0.43090909,en,1.00000000,,-1,,,,,,
northern coastline,northern coastline,LOC,-1.00000000,1.00000000,en,1.00000000,,-1,,,,,,
Jurm,Jurm,GPE,0.00000000,0.00000000,en,1.00000000,,-1,,,,,,
Central Sulawesi's,Central Sulawesi's,GPE,0.00000000,0.25000000,en,1.00000000,,-1,,,,,,
Washington State,Washington State,GPE,0.00000000,1.00000000,en,1.00000000,4118995-4,5815135,X,47.50012000,-120.50146900,NORTH-AMERICA,United States,WNA
the Caribbean Sea,the Caribbean Sea,LOC,0.16000000,0.54000000,en,1.00000000,,-1,,,,,,
Giselle,Giselle,GPE,0.25000000,0.63750000,en,1.00000000,,-1,,,,,,
the United St… [+3891 chars,the United St… [+3891 chars,GPE,0.00000000,0.05000000,en,1.00000000,,-1,,,,,,
VENEZUELA,VENEZUELA,LOC,0.00000000,0.05000000,en,1.00000000,,-1,,,,,,
New Venezuela,New Venezuela,GPE,0.13636364,0.45454545,en,1.00000000,,-1,,,,,,
Sulawesi Island,Sulawesi Island,GPE,-0.16666667,0.37500000,en,1.00000000,,-1,,,,,,
magnitude-4.6,magnitude-4.6,GPE,0.00000000,0.00000000,en,1.00000000,,-1,,,,,,
Catia la Mer,Catia la Mer,GPE,0.00000000,0.00000000,en,1.00000000,,-1,,,,,,
HOLLYWOOD,HOLLYWOOD,GPE,-0.09010417,0.33072917,en,1.00000000,,-1,,,,,,
the United States Geological Sur,the United States Geological Sur,GPE,-0.16666667,0.26666667,en,1.00000000,,-1,,,,,,
Taranaki,Taranaki,GPE,0.50000000,0.50000000,en,1.00000000,7708395-7,2181872,X,-39.16667000,174.66667000,OCEANIA,New Zealand,NZ
Montalbán,Montalbán,GPE,0.10000000,0.40000000,en,1.00000000,,-1,,,,,,
Catia La Mar,Catia La Mar,GPE,0.00000000,0.10000000,en,1.00000000,,-1,,,,,,
Nanao City,Nanao City,GPE,-0.16666667,0.16666667,en,1.00000000,,-1,,,,,,
M7.2,M7.2,LOC,0.00000000,0.00000000,en,1.00000000,,-1,,,,,,
Musakhail,Musakhail,GPE,0.20833333,0.43333333,en,1.00000000,,-1,,,,,,
Mount Fuji,Mount Fuji,LOC,0.50000000,0.50000000,en,1.00000000,,-1,,,,,,
the South A,the South A,LOC,-0.00625000,0.53750000,en,1.00000000,,-1,,,,,,
Fairfax County Urban Search and Rescue,Fairfax County Urban Search and Rescue,GPE,0.00000000,0.00000000,en,1.00000000,,-1,,,,,,
Los Ang,Los Ang,GPE,0.00000000,0.00000000,en,1.00000000,,-1,,,,,,
Western Europes,Western Europes,LOC,0.10000000,0.32777778,en,1.00000000,,-1,,,,,,
Poland,Poland,GPE,0.10000000,0.32777778,en,1.00000000,,-1,,,,,,
the Disaster Zone,the Disaster Zone,LOC,0.18434343,0.35151515,en,1.00000000,,-1,,,,,,
Bogotá,Bogotá,GPE,0.05803571,0.34494048,en,1.00000000,4007557-6,3688689,X,4.60944400,-74.08166600,SOUTH-AMERICA,Colombia,NWS
BNS,BNS,GPE,-0.10000000,0.10000000,en,1.00000000,,-1,,,,,,
NorCal,NorCal,GPE,0.10000000,0.30000000,en,1.00000000,,-1,,,,,,
Jajpur,Jajpur,GPE,-0.10000000,0.10000000,en,1.00000000,,-1,,,,,,
Howrah,Howrah,LOC,0.39166667,0.50833333,en,1.00000000,4522184-4,1270396,X,22.57687900,88.31856900,ASIA,India,SAS
venezuela,venezuela,GPE,0.30000000,1.00000000,en,1.00000000,,-1,,,,,,
Ukiah,Ukiah,GPE,-0.07500000,0.40000000,en,1.00000000,,-1,,,,,,
W… Venezuela Earthquake,W… Venezuela Earthquake,GPE,-0.34166667,0.53750000,en,1.00000000,,-1,,,,,,
San Felip,San Felip,LOC,0.10000000,0.40000000,en,1.00000000,,-1,,,,,,
Cornersville,Cornersville,GPE,0.70000000,1.00000000,en,1.00000000,,-1,,,,,,
Fujikawaguchiko,Fujikawaguchiko,GPE,0.00000000,0.80000000,en,1.00000000,,-1,,,,,,
Boston,Boston,GPE,0.00000000,0.70000000,en,1.00000000,4007840-1,4930956,X,42.35833300,-71.05972200,NORTH-AMERICA,United States,ENA
the South Americ,the South Americ,LOC,0.11666667,0.61666667,en,1.00000000,,-1,,,,,,
Moron,Moron,GPE,-0.23333333,0.50833333,en,1.00000000,,-1,,,,,,
Catia del Mar,Catia del Mar,GPE,0.00000000,0.00000000,en,1.00000000,,-1,,,,,,
Trumpishness,Trumpishness,GPE,-0.06000000,0.53333333,en,1.00000000,,-1,,,,,,
the South American,the South American,LOC,-0.08194444,0.22361111,en,1.00000000,,-1,,,,,,
the United States',the United States',GPE,-1.00000000,1.00000000,en,1.00000000,,-1,,,,,,
Mideast,Mideast,LOC,-0.06000000,0.53333333,en,1.00000000,,-1,,,,,,
San Felipe,San Felipe,GPE,0.17500000,0.36666667,en,1.00000000,,-1,,,,,,
Amazon,Amazon,LOC,0.30000000,0.75000000,en,1.00000000,,-1,,,,,,
Waymos,Waymos,GPE,-0.06000000,0.53333333,en,1.00000000,,-1,,,,,,
The United States Ge,The United States Ge,GPE,0.00000000,0.00000000,en,1.00000000,,-1,,,,,,
Mindanao Earthquake,Mindanao Earthquake,LOC,0.16250000,0.46250000,en,1.00000000,,-1,,,,,,
Double Earthquakes,Double Earthquakes,LOC,-0.06666667,0.46666667,en,1.00000000,,-1,,,,,,
the Snowy Mountains,the Snowy Mountains,LOC,0.00000000,0.00000000,en,1.00000000,,-1,,,,,,
LOS ANGELES,LOS ANGELES,GPE,0.10000000,0.40000000,en,1.00000000,,-1,,,,,,
Oxfordshire,Oxfordshire,GPE,-0.10000000,0.20000000,en,1.00000000,4102814-4,2640726,X,51.83333300,-1.25000000,EUROPE,United Kingdom,NEU
KERN COUNTY,KERN COUNTY,GPE,-0.35000000,0.70000000,en,1.00000000,,-1,,,,,,
Kahramanmara,Kahramanmara,GPE,-0.22750000,0.78000000,en,1.00000000,,-1,,,,,,
Bhutan,Bhutan,GPE,0.00000000,0.00000000,en,1.00000000,4006397-5,1252634,X,27.50000000,90.50000000,ASIA,Bhutan,TIB
Kakinada coast,Kakinada coast,GPE,0.16666667,0.41666667,en,1.00000000,,-1,,,,,,
Phillipines,Phillipines,GPE,0.03409091,0.36363636,en,1.00000000,4045771-0,1694008,X,13.00000000,122.00000000,ASIA,,SEA
immediatel,immediatel,GPE,0.02500000,0.45000000,en,1.00000000,,-1,,,,,,
Northern Ireland,Northern Ireland,GPE,0.00000000,0.10000000,en,1.00000000,4075462-5,2641364,X,54.50000000,-6.50000000,EUROPE,United Kingdom,NEU
Sarangani,Sarangani,GPE,0.00000000,0.00000000,en,1.00000000,,-1,,,,,,
SINGAPORE,SINGAPORE,GPE,0.00000000,0.35000000,en,1.00000000,,-1,,,,,,
Grande Prairie,Grande Prairie,LOC,0.50000000,0.50000000,en,1.00000000,,-1,,,,,,
DALLAS,DALLAS,GPE,0.00000000,0.00000000,en,1.00000000,,-1,,,,,,
the Sulawesi Sea,the Sulawesi Sea,LOC,0.05000000,0.20000000,en,1.00000000,,-1,,,,,,
Mon,Mon,LOC,0.05000000,0.20000000,en,1.00000000,,-1,,,,,,
Venezuelan Earthquakes,Venezuelan Earthquakes,LOC,0.00000000,0.00000000,en,1.00000000,,-1,,,,,,
Silicon Valley,Silicon Valley,LOC,0.25000000,0.44444444,en,1.00000000,,-1,,,,,,
Euboea,Euboea,GPE,0.00000000,0.00000000,en,1.00000000,,-1,,,,,,
Bakersfield,Bakersfield,GPE,0.00000000,0.40000000,en,1.00000000,,-1,,,,,,
Las V,Las V,GPE,-0.20000000,0.23333333,en,1.00000000,,-1,,,,,,
the Blessed Virgin Mary,the Blessed Virgin Mary,GPE,0.00000000,0.00000000,en,1.00000000,,-1,,,,,,
Vegas,Vegas,GPE,0.00000000,0.00000000,en,1.00000000,,-1,,,,,,
New Taipei City,New Taipei City,GPE,0.19318182,0.39393939,en,1.00000000,,-1,,,,,,
Tamsui,Tamsui,GPE,0.19318182,0.39393939,en,1.00000000,,-1,,,,,,
Wyoming,Wyoming,GPE,0.28571429,0.53571429,en,1.00000000,4067130-6,5843591,X,43.39999900,-107.50090000,NORTH-AMERICA,United States,WNA
the Yellowstone River,the Yellowstone River,LOC,0.28571429,0.53571429,en,1.00000000,,-1,,,,,,
IRELAND,IRELAND,GPE,0.10000000,0.35555556,en,1.00000000,,-1,,,,,,
Randolph,Randolph,GPE,0.02000000,0.54000000,en,1.00000000,,-1,,,,,,
New Zealand's,New Zealand's,GPE,0.06818182,0.22727273,en,1.00000000,,-1,,,,,,
Jintai Village Reconstruction / Rural Urban Framework,Jintai Village Reconstruction / Rural Urban Framework,GPE,-0.06666667,0.16666667,en,1.00000000,,-1,,,,,,
Salina,Salina,GPE,0.30000000,1.00000000,en,1.00000000,,-1,,,,,,
Denkanikottai,Denkanikottai,GPE,0.03333333,0.06666667,en,1.00000000,,-1,,,,,,
Krishnagiri,Krishnagiri,LOC,0.00000000,0.00000000,en,1.00000000,,-1,,,,,,
Tamil Nadu's,Tamil Nadu's,GPE,0.00000000,0.00000000,en,1.00000000,,-1,,,,,,
Maui,Maui,GPE,0.00000000,0.10000000,en,1.00000000,,-1,,,,,,
the Kona Coast,the Kona Coast,LOC,0.00000000,0.05000000,en,1.00000000,,-1,,,,,,
Northern California's,Northern California's,LOC,0.06666667,0.46666667,en,1.00000000,,-1,,,,,,
Sta Cruz,Sta Cruz,GPE,0.00000000,0.00000000,en,1.00000000,,-1,,,,,,
Phnom Penh,Phnom Penh,GPE,0.16000000,0.52166667,en,1.00000000,4045819-2,1821306,X,11.56245000,104.91601000,ASIA,Cambodia,SEA
the San Jacinto,the San Jacinto,LOC,0.40000000,0.50000000,en,1.00000000,,-1,,,,,,
La Esper…,La Esper…,GPE,-0.00606061,0.25424242,en,1.00000000,,-1,,,,,,
Márquez,Márquez,GPE,0.01250000,0.27500000,en,1.00000000,,-1,,,,,,
North Americas,North Americas,LOC,-0.12500000,0.41666667,en,1.00000000,,-1,,,,,,
Shakira,Shakira,GPE,0.00000000,0.00000000,en,1.00000000,,-1,,,,,,
western Cuba,western Cuba,LOC,0.15000000,0.50000000,en,1.00000000,,-1,,,,,,
Phuket,Phuket,GPE,0.03750000,0.28750000,en,1.00000000,,-1,,,,,,
Mai Khao Beach,Mai Khao Beach,LOC,0.03750000,0.28750000,en,1.00000000,,-1,,,,,,
HAVANA,HAVANA,GPE,0.06000000,0.36000000,en,1.00000000,,-1,,,,,,
Latin America's,Latin America's,LOC,-0.09821429,0.40000000,en,1.00000000,,-1,,,,,,
southwest coast,southwest coast,LOC,0.00000000,0.00000000,en,1.00000000,,-1,,,,,,
Venezuela Earthquake Relief,Venezuela Earthquake Relief,GPE,0.00000000,0.00000000,en,1.00000000,,-1,,,,,,
Vancouver Island's,Vancouver Island's,GPE,-0.09090909,0.54696970,en,1.00000000,,-1,,,,,,
South Americ,South Americ,GPE,0.00000000,0.00000000,en,1.00000000,,-1,,,,,,
Nashville,Nashville,GPE,-0.16666667,0.06666667,en,1.00000000,,-1,,,,,,
Miyakojima,Miyakojima,GPE,0.00000000,0.00000000,en,1.00000000,,-1,,,,,,
Southern California's,Southern California's,LOC,0.00000000,0.00000000,en,1.00000000,,-1,,,,,,
New York City's,New York City's,GPE,0.00312213,0.45417815,en,1.00000000,,-1,,,,,,
Beirut,Beirut,GPE,0.00000000,0.50000000,en,1.00000000,4005348-9,276781,X,33.88893900,35.49441900,EUROPE-AFRICA,Lebanon,MED
USAID,USAID,GPE,0.00000000,0.00000000,en,1.00000000,,-1,,,,,,
Rescue,Rescue,GPE,-0.03750000,0.02500000,en,1.00000000,,-1,,,,,,
Cambodia,Cambodia,GPE,0.00000000,0.00000000,en,1.00000000,4029400-6,1831722,X,13.00000000,105.00000000,ASIA,Cambodia,SEA
Southwest China,Southwest China,LOC,0.00000000,0.00000000,en,1.00000000,,-1,,,,,,
Baranga,Baranga,GPE,0.30000000,0.90000000,en,1.00000000,,-1,,,,,,
West Asia,West Asia,LOC,0.03333333,0.56666667,en,1.00000000,,-1,,,,,,
the Persian Gulf,the Persian Gulf,LOC,0.08000000,0.41500000,en,1.00000000,,-1,,,,,,
the Sichuan Province,the Sichuan Province,GPE,0.00000000,0.00000000,en,1.00000000,,-1,,,,,,
Gansu,Gansu,GPE,0.00000000,0.00000000,en,1.00000000,4097624-5,1810676,X,38.00000000,102.00000000,ASIA,China,ECA
Digos,Digos,LOC,0.00000000,0.00000000,en,1.00000000,,-1,,,,,,
the Southeast Indian Ridge,the Southeast Indian Ridge,LOC,0.00000000,0.00000000,en,1.00000000,,-1,,,,,,
Jazeera Venezuela’s,Jazeera Venezuela’s,GPE,0.17916667,0.28750000,en,1.00000000,,-1,,,,,,
CUBA,CUBA,GPE,0.21666667,0.36666667,en,1.00000000,,-1,,,,,,
Pokemon,Pokemon,LOC,0.00000000,0.00000000,en,1.00000000,,-1,,,,,,
FLORIDA,FLORIDA,GPE,0.21666667,0.36666667,en,1.00000000,,-1,,,,,,
Caribbean coast,Caribbean coast,LOC,-0.25625000,0.58750000,en,1.00000000,,-1,,,,,,
Southwestern Florida,Southwestern Florida,LOC,0.03333333,0.06666667,en,1.00000000,,-1,,,,,,
North Island,North Island,LOC,-0.15000000,0.33333333,en,1.00000000,,-1,,,,,,
North Kalimantan,North Kalimantan,GPE,0.26666667,0.51666667,en,1.00000000,,-1,,,,,,
Northland,Northland,GPE,0.23333333,0.43333333,en,1.00000000,,-1,,,,,,
The East Bay,The East Bay,LOC,0.80000000,0.90000000,en,1.00000000,,-1,,,,,,
the Tintina Fault,the Tintina Fault,LOC,0.00000000,0.00000000,en,1.00000000,,-1,,,,,,
North China,North China,LOC,0.00000000,0.00000000,en,1.00000000,,-1,,,,,,
Lombardia,Lombardia,GPE,0.00000000,0.00000000,en,1.00000000,4036294-2,3174618,X,45.66667000,9.50000000,EUROPE,Italy,WCE
Ren,Ren,GPE,0.00000000,0.00000000,en,1.00000000,,-1,,,,,,
Lancash,Lancash,GPE,0.00000000,0.30000000,en,1.00000000,,-1,,,,,,
exper,exper,GPE,0.00000000,0.00000000,en,1.00000000,,-1,,,,,,
the Yukon Territory,the Yukon Territory,LOC,0.00000000,0.00000000,en,1.00000000,,-1,,,,,,
Lancaster,Lancaster,GPE,0.03333333,0.40000000,en,1.00000000,,-1,,,,,,
San Ramon’s,San Ramon’s,GPE,0.20000000,0.80000000,en,1.00000000,,-1,,,,,,
Sapporo,Sapporo,GPE,0.21212121,0.41666667,en,1.00000000,4051677-5,2128295,X,43.06416900,141.34693900,ASIA,Japan,EAS
Northern Lights,Northern Lights,LOC,0.13636364,0.50000000,en,1.00000000,,-1,,,,,,
northern coast,northern coast,LOC,0.30000000,1.00000000,en,1.00000000,,-1,,,,,,
Shinkansen,Shinkansen,GPE,0.00000000,0.00000000,en,1.00000000,,-1,,,,,,
North,North,GPE,0.30000000,1.00000000,en,1.00000000,,-1,,,,,,
Kushimoto,Kushimoto,GPE,0.09047619,0.34047619,en,1.00000000,,-1,,,,,,
Wakayama Prefecture,Wakayama Prefecture,GPE,0.09047619,0.34047619,en,1.00000000,,-1,,,,,,
northeast,northeast,LOC,0.00000000,0.00000000,en,1.00000000,,-1,,,,,,
The City of Churches,The City of Churches,GPE,0.50000000,0.50000000,en,1.00000000,,-1,,,,,,
north,north,LOC,0.18434343,0.35151515,en,1.00000000,,-1,,,,,,
Judah,Judah,GPE,0.00000000,0.00000000,en,1.00000000,,-1,,,,,,
Philippines--(ANTARA,Philippines--(ANTARA,GPE,0.75000000,0.95000000,en,1.00000000,,-1,,,,,,
Sonoma County,Sonoma County,GPE,0.09356061,0.56325758,en,1.00000000,,-1,,,,,,
Morecambe Bay,Morecambe Bay,LOC,0.00000000,0.00000000,en,1.00000000,,-1,,,,,,
Canadas Yukon,Canadas Yukon,LOC,0.50000000,0.50000000,en,1.00000000,,-1,,,,,,
Mountain Regions,Mountain Regions,LOC,0.00000000,0.00000000,en,1.00000000,,-1,,,,,,
The Anchorage Area,The Anchorage Area,LOC,0.00000000,0.00000000,en,1.00000000,,-1,,,,,,
W Bengal,W Bengal,LOC,0.00000000,0.00000000,en,1.00000000,,-1,,,,,,
Montenegro,Montenegro,GPE,0.00000000,0.00000000,en,1.00000000,4040163-7,3194884,X,42.50000000,19.30000000,EUROPE-AFRICA,Montenegro,MED
Moscow,Moscow,GPE,0.00000000,0.00000000,en,1.00000000,4074987-3,524901,X,55.75222200,37.61555500,EUROPE,Russia,WCE
Melbourne,Melbourne,GPE,0.12500000,0.16666667,en,1.00000000,4038526-7,2158177,X,-37.81400000,144.96332000,OCEANIA,Australia,SAU
Concord,Concord,GPE,0.10416667,0.67083333,en,1.00000000,,-1,,,,,,
TikToks,TikToks,GPE,0.00000000,0.00000000,en,1.00000000,,-1,,,,,,
Kīlauea Volcano,Kīlauea Volcano,LOC,0.00000000,1.00000000,en,1.00000000,,-1,,,,,,
Klauea Volcano,Klauea Volcano,LOC,0.00000000,1.00000000,en,1.00000000,,-1,,,,,,
North M,North M,LOC,-0.04666667,0.39000000,en,1.00000000,,-1,,,,,,
the United States Geological,the United States Geological,GPE,0.00000000,0.00000000,en,1.00000000,,-1,,,,,,
Eastern India,Eastern India,LOC,0.21666667,0.51666667,en,1.00000000,,-1,,,,,,
Sa,Sa,GPE,0.10000000,0.45000000,en,1.00000000,,-1,,,,,,
Shakes Anchorage,Shakes Anchorage,LOC,0.00000000,0.10000000,en,1.00000000,,-1,,,,,,
Ashulia,Ashulia,GPE,-0.05000000,0.36250000,en,1.00000000,,-1,,,,,,
Kaski district,Kaski district,LOC,0.00000000,0.00000000,en,1.00000000,,-1,,,,,,
Ethiopi,Ethiopi,GPE,0.00000000,0.00000000,en,1.00000000,,-1,,,,,,
Kenya,Kenya,GPE,-0.05000000,0.32500000,en,1.00000000,4030236-2,192950,X,1.00000000,38.00000000,AFRICA,Kenya,SEAF
Lake Turkana Rift,Lake Turkana Rift,LOC,-0.05000000,0.32500000,en,1.00000000,,-1,,,,,,
San José,San José,GPE,0.16666667,0.80000000,en,1.00000000,,-1,,,,,,
the South Bay,the South Bay,LOC,0.16666667,0.80000000,en,1.00000000,,-1,,,,,,
Antioch,Antioch,GPE,0.16666667,0.80000000,en,1.00000000,,-1,,,,,,
Ocean,Ocean,LOC,0.09523810,0.60317460,en,1.00000000,,-1,,,,,,
Willow Alaska,Willow Alaska,GPE,0.00000000,0.00000000,en,1.00000000,,-1,,,,,,
East Bay,East Bay,LOC,0.00000000,0.00000000,en,1.00000000,,-1,,,,,,
"the United States
","the United States
",GPE,0.22083333,0.36666667,en,1.00000000,,-1,,,,,,
Orange County,Orange County,GPE,0.10000000,0.40000000,en,1.00000000,,-1,,,,,,
Niigata,Niigata,GPE,-0.15555556,0.28888889,en,1.00000000,4208484-2,1855431,X,37.90221900,139.02360900,ASIA,Japan,EAS
Parkfield,Parkfield,GPE,0.00000000,0.00000000,en,1.00000000,,-1,,,,,,
the Salton Sea,the Salton Sea,LOC,0.10000000,0.40000000,en,1.00000000,,-1,,,,,,
Noroshi,Noroshi,GPE,0.00000000,0.00000000,en,1.00000000,,-1,,,,,,
Dead Sea,Dead Sea,LOC,-0.10000000,0.20000000,en,1.00000000,,-1,,,,,,
Dimona,Dimona,GPE,0.10000000,0.40000000,en,1.00000000,,-1,,,,,,
Beersheva,Beersheva,GPE,0.10000000,0.40000000,en,1.00000000,4087062-5,295530,X,31.25180900,34.79129900,EUROPE-AFRICA,Israel,MED
Negev,Negev,GPE,-0.10000000,0.20000000,en,1.00000000,,-1,,,,,,
the Pacific Northwest's,the Pacific Northwest's,LOC,-0.04166667,0.25833333,en,1.00000000,,-1,,,,,,
Seram,Seram,GPE,0.00000000,0.70000000,en,1.00000000,,-1,,,,,,
Khavda,Khavda,GPE,0.00000000,0.00000000,en,1.00000000,,-1,,,,,,
Kutch district,Kutch district,LOC,0.00000000,0.07692308,en,1.00000000,,-1,,,,,,
Gujarats Kutch,Gujarats Kutch,LOC,0.00000000,0.00000000,en,1.00000000,,-1,,,,,,
Fault Zone - Indian Defence Review,Fault Zone - Indian Defence Review,GPE,-0.16666667,0.33333333,en,1.00000000,,-1,,,,,,
Miramichi,Miramichi,GPE,-0.30000000,0.60000000,en,1.00000000,,-1,,,,,,
Mi,Mi,GPE,0.31818182,0.47727273,en,1.00000000,,-1,,,,,,
seismi…,seismi…,GPE,-0.10000000,0.10000000,en,1.00000000,,-1,,,,,,
Spain Spains,Spain Spains,LOC,0.00000000,0.00000000,en,1.00000000,,-1,,,,,,
Leh-Ladakh,Leh-Ladakh,GPE,0.06250000,0.50000000,en,1.00000000,,-1,,,,,,
Adamuz,Adamuz,GPE,-0.30000000,0.50000000,en,1.00000000,,-1,,,,,,
Cordoba province,Cordoba province,GPE,-0.30000000,0.50000000,en,1.00000000,,-1,,,,,,
Sea of Gailiee,Sea of Gailiee,LOC,0.00000000,0.00000000,en,1.00000000,,-1,,,,,,
SANTIAGO,SANTIAGO,GPE,-0.21666667,0.16666667,en,1.00000000,,-1,,,,,,
Inland Empire,Inland Empire,LOC,0.00000000,0.00000000,en,1.00000000,,-1,,,,,,
the Islamic Republic of Iran,the Islamic Republic of Iran,GPE,0.50000000,0.62500000,en,1.00000000,,-1,,,,,,
the Mayon Volcano,the Mayon Volcano,LOC,0.11071429,0.43214286,en,1.00000000,,-1,,,,,,
Mayon Volcano,Mayon Volcano,LOC,0.00000000,0.00000000,en,1.00000000,,-1,,,,,,
Qld,Qld,GPE,0.50000000,0.50000000,en,1.00000000,,-1,,,,,,
Japans Niigata,Japans Niigata,GPE,-0.15555556,0.28888889,en,1.00000000,,-1,,,,,,
Taitung,Taitung,GPE,0.10000000,1.00000000,en,1.00000000,4406404-4,1668295,X,22.75991000,121.14457000,ASIA,Taiwan,EAS
Banda Aceh,Banda Aceh,GPE,0.00000000,0.00000000,en,1.00000000,,-1,,,,,,
Dec ‌27,Dec ‌27,GPE,0.00000000,0.00000000,en,1.00000000,,-1,,,,,,
⁠the,⁠the,GPE,-0.30000000,0.60000000,en,1.00000000,,-1,,,,,,
M6.6,M6.6,GPE,0.00000000,0.00000000,en,1.00000000,,-1,,,,,,
Highlands,Highlands,LOC,0.12500000,0.12500000,en,1.00000000,,-1,,,,,,
Yorkshire,Yorkshire,GPE,0.12500000,0.12500000,en,1.00000000,,-1,,,,,,
Kinross,Kinross,GPE,0.10000000,0.40000000,en,1.00000000,4391199-7,2645365,X,56.20465900,-3.42138000,EUROPE,United Kingdom,NEU
Outback city,Outback city,GPE,0.00000000,0.00000000,en,1.00000000,,-1,,,,,,
Calama,Calama,GPE,0.10000000,0.40000000,en,1.00000000,,-1,,,,,,
New Delhi's,New Delhi's,GPE,0.11515152,0.33820346,en,1.00000000,,-1,,,,,,
Tecoanapa,Tecoanapa,GPE,0.06666667,0.23333333,en,1.00000000,,-1,,,,,,
Northeast,Northeast,LOC,0.00000000,0.00000000,en,1.00000000,,-1,,,,,,
Morigaon,Morigaon,GPE,0.00000000,0.00000000,en,1.00000000,,-1,,,,,,
KY,KY,GPE,0.00000000,0.00000000,en,1.00000000,,-1,,,,,,
Southeast Kentucky,Southeast Kentucky,LOC,-0.05000000,1.00000000,en,1.00000000,,-1,,,,,,
​,​,GPE,0.00000000,0.00000000,en,1.00000000,,-1,,,,,,
the U.S.s West Coast,the U.S.s West Coast,LOC,0.10000000,1.00000000,en,1.00000000,,-1,,,,,,
NW China's,NW China's,LOC,0.00000000,0.00000000,en,1.00000000,,-1,,,,,,
‌earthquake,‌earthquake,LOC,0.00000000,0.00000000,en,1.00000000,,-1,,,,,,
The United States Geologic…,The United States Geologic…,GPE,0.00000000,0.00000000,en,1.00000000,,-1,,,,,,
Aleutian Islands,Aleutian Islands,LOC,-0.05000000,0.20000000,en,1.00000000,,-1,,,,,,
Alaskas,Alaskas,GPE,-0.05000000,0.20000000,en,1.00000000,,-1,,,,,,
Northridge,Northridge,GPE,0.10000000,0.45000000,en,1.00000000,,-1,,,,,,
Nutcracker,Nutcracker,GPE,0.00000000,0.00000000,en,1.00000000,,-1,,,,,,
the Lembang Fault,the Lembang Fault,LOC,0.00000000,2.00000000,en,1.00000000,,-1,,,,,,
West Bandung,West Bandung,GPE,0.00000000,2.00000000,en,1.00000000,,-1,,,,,,
A.C,A.C,GPE,0.01666667,0.08333333,en,1.00000000,,-1,,,,,,
Great California,Great California,GPE,0.40000000,0.87500000,en,1.00000000,,-1,,,,,,
Oita City,Oita City,GPE,0.03125000,0.95000000,en,1.00000000,,-1,,,,,,
New York’s,New York’s,GPE,0.13636364,0.45454545,en,1.00000000,,-1,,,,,,
Massachusetts,Massachusetts,GPE,-0.15000000,0.30000000,en,1.00000000,4037858-5,6254926,X,42.36565000,-71.10832000,NORTH-AMERICA,United States,ENA
worl,worl,LOC,0.45000000,0.55000000,en,1.00000000,,-1,,,,,,
Gothenburg,Gothenburg,GPE,0.21875000,0.41875000,en,1.00000000,4021453-9,2711537,X,57.70716000,11.96678900,EUROPE,Sweden,NEU
Colorado South,Colorado South,GPE,0.00000000,0.00000000,en,1.00000000,,-1,,,,,,
Denver,Denver,GPE,0.00000000,0.00000000,en,1.00000000,,-1,,,,,,
Palestine,Palestine,GPE,0.00000000,0.00000000,en,1.00000000,,-1,,,,,,
Tropical Storm,Tropical Storm,LOC,0.00000000,0.00000000,en,1.00000000,,-1,,,,,,
Toghrul,Toghrul,GPE,0.00000000,0.00000000,en,1.00000000,,-1,,,,,,
Tehran province,Tehran province,GPE,0.00000000,0.00000000,en,1.00000000,,-1,,,,,,
Long Island,Long Island,GPE,-0.09272727,0.45090909,en,1.00000000,,-1,,,,,,
Sicily,Sicily,GPE,0.00000000,0.00000000,en,1.00000000,,-1,,,,,,
WASHINGTON,WASHINGTON,GPE,0.70000000,0.60000000,en,1.00000000,,-1,,,,,,
Afgha,Afgha,GPE,0.00000000,0.20000000,en,1.00000000,,-1,,,,,,
earthquakeSelf,earthquakeSelf,GPE,0.00000000,0.00000000,en,1.00000000,,-1,,,,,,
Indias,Indias,GPE,0.15000000,0.53750000,en,1.00000000,,-1,,,,,,
Sudbury,Sudbury,GPE,0.00000000,0.00000000,en,1.00000000,,-1,,,,,,
Ont.,Ont.,GPE,0.00000000,0.00000000,en,1.00000000,,-1,,,,,,
the East African,the East African,LOC,0.00000000,0.05000000,en,1.00000000,,-1,,,,,,
Bacolod City,Bacolod City,GPE,0.14444444,0.49444444,en,1.00000000,,-1,,,,,,
Kanlaon Volcano,Kanlaon Volcano,GPE,0.28888889,0.98888889,en,1.00000000,,-1,,,,,,
Manay,Manay,GPE,0.10000000,0.33333333,en,1.00000000,,-1,,,,,,
Us,Us,GPE,-0.20000000,0.36666667,en,1.00000000,,-1,,,,,,
Mazar Dara valley,Mazar Dara valley,LOC,0.00000000,0.00000000,en,1.00000000,,-1,,,,,,
Pahang,Pahang,GPE,0.00000000,0.00000000,en,1.00000000,4301609-1,1733042,X,3.50000000,102.75000000,ASIA,Malaysia,SEA
Terengganu,Terengganu,GPE,0.00000000,0.00000000,en,1.00000000,,-1,,,,,,
Peninsular Malaysia,Peninsular Malaysia,GPE,0.00000000,0.00000000,en,1.00000000,,-1,,,,,,
Sarawak,Sarawak,GPE,0.00000000,0.00000000,en,1.00000000,4051682-9,1733038,X,2.50000000,113.50000000,ASIA,Malaysia,SEA
Johor,Johor,GPE,-0.30000000,0.60000000,en,1.00000000,,-1,,,,,,
Greenland,Greenland,GPE,0.25000000,0.25000000,en,1.00000000,4022113-1,3425505,X,72.00000000,-40.00000000,POLAR,Greenland,GIC
Cebu Province,Cebu Province,GPE,0.00000000,0.00000000,en,1.00000000,,-1,,,,,,
Palau,Palau,GPE,0.30000000,1.43333333,en,1.00000000,4044396-6,1559582,X,7.50300000,134.62100000,PACIFIC,Palau,EPO
Karatung,Karatung,GPE,0.30000000,0.75000000,en,1.00000000,,-1,,,,,,
Bacolod,Bacolod,GPE,0.00000000,0.00000000,en,1.00000000,,-1,,,,,,
Karatung Island,Karatung Island,GPE,0.30000000,0.75000000,en,1.00000000,,-1,,,,,,
the Philippine Sea,the Philippine Sea,LOC,0.23333333,0.40000000,en,1.00000000,,-1,,,,,,
Gibitngil,Gibitngil,GPE,-0.15000000,0.30000000,en,1.00000000,,-1,,,,,,
Medellin,Medellin,GPE,-0.15000000,0.30000000,en,1.00000000,4115061-2,3674962,X,6.25183900,-75.56359000,SOUTH-AMERICA,Colombia,NWS
temblo,temblo,GPE,0.13750000,0.36458333,en,1.00000000,,-1,,,,,,
Visayas,Visayas,LOC,0.30000000,0.76666667,en,1.00000000,,-1,,,,,,
"San Andreas Fault
","San Andreas Fault
",LOC,-0.06565657,0.40707071,en,1.00000000,,-1,,,,,,
MyShake,MyShake,LOC,0.10000000,0.30000000,en,1.00000000,,-1,,,,,,
Pythia's Oasis,Pythia's Oasis,LOC,0.00000000,0.00000000,en,1.00000000,,-1,,,,,,
Pythias Oasis,Pythias Oasis,GPE,0.00000000,1.00000000,en,1.00000000,,-1,,,,,,
strieks Guam,strieks Guam,LOC,0.00000000,0.00000000,en,1.00000000,,-1,,,,,,
East Wing,East Wing,LOC,0.17777778,0.41111111,en,1.00000000,,-1,,,,,,
heritageThe Hill,heritageThe Hill,LOC,0.00000000,0.00000000,en,1.00000000,,-1,,,,,,
Brumadinh,Brumadinh,GPE,0.05000000,0.34000000,en,1.00000000,,-1,,,,,,
Bhutnal Tanda,Bhutnal Tanda,GPE,0.10000000,0.40000000,en,1.00000000,,-1,,,,,,
Myanmars,Myanmars,GPE,-0.02500000,0.11071429,en,1.00000000,,-1,,,,,,
Narita,Narita,GPE,0.00000000,0.00000000,en,1.00000000,4265233-9,2111684,X,35.78332900,140.31666900,ASIA,Japan,EAS
Haneda,Haneda,GPE,0.00000000,0.00000000,en,1.00000000,,-1,,,,,,
Roman,Roman,GPE,-0.10000000,0.20000000,en,1.00000000,,-1,,,,,,
Madagascar,Madagascar,GPE,0.50000000,1.00000000,en,1.00000000,4074425-5,1062947,X,-20.00000000,47.00000000,AFRICA,Madagascar,MDG
the Grand Sud,the Grand Sud,LOC,0.50000000,1.00000000,en,1.00000000,,-1,,,,,,
Netherlands,Netherlands,GPE,0.00000000,0.55000000,en,1.00000000,4042203-3,2750405,X,52.50000000,5.75000000,EUROPE,The Netherlands,NEU
Astoria,Astoria,GPE,0.10000000,0.10000000,en,1.00000000,,-1,,,,,,
Rome Collapses,Rome Collapses,GPE,0.00000000,0.00000000,en,1.00000000,,-1,,,,,,
Sylhet,Sylhet,GPE,0.00000000,0.00000000,en,1.00000000,4572147-6,1185099,X,24.89903900,91.87197900,ASIA,Bangladesh,SAS
Typhoon Kalmaegis,Typhoon Kalmaegis,LOC,-0.10000000,0.40000000,en,1.00000000,,-1,,,,,,
GNSS,GNSS,GPE,0.00000000,0.00000000,en,1.00000000,,-1,,,,,,
Santa Rosalía,Santa Rosalía,GPE,0.00000000,0.00000000,en,1.00000000,,-1,,,,,,
New Jers…,New Jers…,GPE,0.06818182,0.41477273,en,1.00000000,,-1,,,,,,
policya,policya,GPE,0.00000000,0.00000000,en,1.00000000,,-1,,,,,,
Yamada,Yamada,GPE,0.00000000,0.00000000,en,1.00000000,,-1,,,,,,
the East African Rift System,the East African Rift System,LOC,0.00000000,0.00000000,en,1.00000000,,-1,,,,,,
Behn,Behn,GPE,0.00000000,0.00000000,en,1.00000000,,-1,,,,,,
Mountain,Mountain,LOC,0.00000000,0.00000000,en,1.00000000,,-1,,,,,,
Uwan,Uwan,GPE,0.33333333,0.66666667,en,1.00000000,,-1,,,,,,
Northern Luzon,Northern Luzon,LOC,0.18888889,0.63333333,en,1.00000000,,-1,,,,,,
Northern Chile,Northern Chile,LOC,0.00000000,0.00000000,en,1.00000000,,-1,,,,,,
Typhoon Kalmaegi,Typhoon Kalmaegi,LOC,0.00000000,0.00000000,en,1.00000000,,-1,,,,,,
Hunchun,Hunchun,GPE,0.00000000,0.00000000,en,1.00000000,,-1,,,,,,
Timor-Leste,Timor-Leste,GPE,0.23333333,0.40000000,en,1.00000000,4075765-1,1966436,X,-8.83333000,125.75000000,ASIA,Timor Leste,SEA
Jilin,Jilin,GPE,0.00000000,0.00000000,en,1.00000000,4342897-6,2036502,X,43.85083000,126.56028000,ASIA,China,EAS
SAN JUAN,SAN JUAN,GPE,0.00000000,0.50000000,en,1.00000000,,-1,,,,,,
NC,NC,GPE,0.00000000,0.00000000,en,1.00000000,,-1,,,,,,
Sindir,Sindir,GPE,0.21666667,0.36666667,en,1.00000000,,-1,,,,,,
Bursa,Bursa,GPE,0.00000000,0.00000000,en,1.00000000,4009173-9,750269,X,40.19555500,29.06000000,EUROPE-AFRICA,Turkey,MED
Manisa,Manisa,GPE,0.00000000,0.00000000,en,1.00000000,,-1,,,,,,
Sindirgi,Sindirgi,GPE,0.18333333,0.72000000,en,1.00000000,,-1,,,,,,
Balkesir,Balkesir,GPE,0.00000000,0.00000000,en,1.00000000,,-1,,,,,,
the Simav Fault,the Simav Fault,LOC,0.00000000,0.25000000,en,1.00000000,,-1,,,,,,
the Banda Sea,the Banda Sea,LOC,0.23333333,0.40000000,en,1.00000000,,-1,,,,,,
Jiuzhaigou,Jiuzhaigou,GPE,0.00000000,0.00000000,en,1.00000000,1154463214,8504880,X,33.25944400,104.24111100,ASIA,China,EAS
Khulm,Khulm,GPE,0.00000000,0.00000000,en,1.00000000,,-1,,,,,,
Valtonera,Valtonera,GPE,-0.12500000,0.75000000,en,1.00000000,,-1,,,,,,
Puerto Rico’s,Puerto Rico’s,GPE,-0.50000000,1.00000000,en,1.00000000,,-1,,,,,,
Black River,Black River,LOC,-0.08333333,0.21666667,en,1.00000000,,-1,,,,,,
Pacific Northwest,Pacific Northwest,LOC,0.00000000,0.00000000,en,1.00000000,,-1,,,,,,
Puerto Rico's,Puerto Rico's,GPE,-0.50000000,1.00000000,en,1.00000000,,-1,,,,,,
Kunar,Kunar,GPE,0.22500000,0.77500000,en,1.00000000,,-1,,,,,,
Spedar,Spedar,GPE,0.22500000,0.77500000,en,1.00000000,,-1,,,,,,
Sunda,Sunda,GPE,0.00000000,0.00000000,en,1.00000000,,-1,,,,,,
Kholm,Kholm,GPE,0.00000000,0.00000000,en,1.00000000,,-1,,,,,,
Cincinnati,Cincinnati,GPE,-0.12500000,0.92500000,en,1.00000000,,-1,,,,,,
the Inland Empire,the Inland Empire,LOC,0.00000000,0.00000000,en,1.00000000,,-1,,,,,,
Temecula,Temecula,GPE,0.10000000,0.40000000,en,1.00000000,,-1,,,,,,
the Bay of Plenty coast,the Bay of Plenty coast,LOC,0.23333333,0.43333333,en,1.00000000,,-1,,,,,,
Çetin,Çetin,GPE,0.00000000,0.00000000,en,1.00000000,,-1,,,,,,
MANADO,MANADO,GPE,-0.25000000,0.26666667,en,1.00000000,,-1,,,,,,
jolts Bay Area,jolts Bay Area,LOC,0.26666667,0.51666667,en,1.00000000,,-1,,,,,,
Thursda,Thursda,GPE,0.11111111,0.20000000,en,1.00000000,,-1,,,,,,
the United States Geological ​Survey,the United States Geological ​Survey,GPE,0.10000000,0.30000000,en,1.00000000,,-1,,,,,,
Bou…,Bou…,GPE,0.10000000,0.40000000,en,1.00000000,,-1,,,,,,
the Santa Cruz Mountains,the Santa Cruz Mountains,LOC,0.26666667,0.86666667,en,1.00000000,,-1,,,,,,
Petaluma,Petaluma,GPE,0.26666667,0.86666667,en,1.00000000,,-1,,,,,,
Santa C,Santa C,GPE,0.00000000,0.00000000,en,1.00000000,,-1,,,,,,
Indonesias coast,Indonesias coast,LOC,0.20000000,0.30833333,en,1.00000000,,-1,,,,,,
Armenia,Armenia,GPE,0.20000000,0.30833333,en,1.00000000,4085931-9,174982,X,40.00000000,45.00000000,ASIA,Armenia,WCA
Portoviejo,Portoviejo,GPE,0.06190476,0.25357143,en,1.00000000,,-1,,,,,,
SAN JOSE,SAN JOSE,GPE,0.50000000,0.50000000,en,1.00000000,,-1,,,,,,
​Afghanistan,​Afghanistan,GPE,0.00000000,0.00000000,en,1.00000000,,-1,,,,,,
Noida,Noida,GPE,0.00000000,0.00000000,en,1.00000000,7669301-6,7279746,X,28.57999900,77.32999900,ASIA,India,SAS
Srinagar,Srinagar,GPE,0.00000000,0.00000000,en,1.00000000,,-1,,,,,,
nickcarraway,nickcarraway,GPE,0.00000000,0.00000000,en,1.00000000,,-1,,,,,,
Bommer,Bommer,GPE,0.00000000,0.00000000,en,1.00000000,,-1,,,,,,
eastern Türkiye,eastern Türkiye,LOC,0.00000000,0.00000000,en,1.00000000,,-1,,,,,,
Gosfand Dara,Gosfand Dara,LOC,-0.10000000,0.06250000,en,1.00000000,,-1,,,,,,
Tifure,Tifure,GPE,0.10000000,0.32500000,en,1.00000000,,-1,,,,,,
Haifa,Haifa,GPE,0.00000000,0.00000000,en,1.00000000,4022958-0,294801,X,32.81841000,34.98850000,EUROPE-AFRICA,Israel,MED
Akko,Akko,GPE,0.00000000,0.00000000,en,1.00000000,,-1,,,,,,
Upper,Upper,LOC,0.00000000,0.00000000,en,1.00000000,,-1,,,,,,
Ternate island,Ternate island,LOC,0.00000000,0.00000000,en,1.00000000,,-1,,,,,,
Ibar,Ibar,GPE,0.00000000,0.00000000,en,1.00000000,,-1,,,,,,
Luganville,Luganville,GPE,-0.10000000,0.40000000,en,1.00000000,,-1,,,,,,
Sagami Bay,Sagami Bay,LOC,0.25000000,0.33333333,en,1.00000000,,-1,,,,,,
Canberra,Canberra,GPE,0.03125000,0.30000000,en,1.00000000,4085133-3,2172517,X,-35.28345900,149.12807000,OCEANIA,Australia,SAU
Evrytania,Evrytania,GPE,0.00000000,0.00000000,en,1.00000000,,-1,,,,,,
Agrafa,Agrafa,GPE,0.41111111,0.64444444,en,1.00000000,,-1,,,,,,
the Municipality of Argithea,the Municipality of Argithea,GPE,0.41111111,0.64444444,en,1.00000000,,-1,,,,,,
Karditsa,Karditsa,GPE,0.41111111,0.64444444,en,1.00000000,4292384-0,260989,X,39.36556000,21.92166900,EUROPE-AFRICA,Greece,MED
⁠Taiwan,⁠Taiwan,GPE,0.00000000,0.00000000,en,1.00000000,,-1,,,,,,
​Hualien,​Hualien,GPE,0.00000000,0.00000000,en,1.00000000,,-1,,,,,,
Hualien,Hualien,GPE,0.35000000,0.55000000,en,1.00000000,4406400-7,1674504,X,23.97693900,121.60443900,ASIA,Taiwan,EAS
Tokat province,Tokat province,GPE,0.05000000,0.27500000,en,1.00000000,,-1,,,,,,
Ankara,Ankara,GPE,-0.10000000,0.10000000,en,1.00000000,4002075-7,323786,X,39.91972200,32.85416600,EUROPE-AFRICA,Turkey,MED
Urmia city,Urmia city,GPE,-0.02916667,0.37916667,en,1.00000000,,-1,,,,,,
the South Pacific,the South Pacific,LOC,0.26666667,0.56666667,en,1.00000000,,-1,,,,,,
Paris,Paris,GPE,0.06111111,0.36666667,en,1.00000000,4044660-8,2988507,X,48.85340900,2.34880000,EUROPE,France,WCE
Berlin,Berlin,GPE,0.06111111,0.36666667,en,1.00000000,4005728-8,2950157,X,52.50000000,13.41666900,EUROPE,Germany,WCE
overplowing,overplowing,GPE,0.10000000,0.40000000,en,1.00000000,,-1,,,,,,
Daajing Giid,Daajing Giid,GPE,0.00000000,0.00000000,en,1.00000000,,-1,,,,,,
the North Pacific Ocean,the North Pacific Ocean,LOC,0.21388889,0.53611111,en,1.00000000,,-1,,,,,,
Naypyidaw,Naypyidaw,GPE,0.05000000,0.24166667,en,1.00000000,,-1,,,,,,
the Sagaing Fault,the Sagaing Fault,LOC,0.19166667,0.53055556,en,1.00000000,,-1,,,,,,
Honolulu,Honolulu,GPE,0.10000000,0.40000000,en,1.00000000,,-1,,,,,,
Kalihi-Palama,Kalihi-Palama,GPE,0.20000000,0.45538462,en,1.00000000,,-1,,,,,,
The Tibetan Plateau,The Tibetan Plateau,LOC,-0.10000000,0.10000000,en,1.00000000,,-1,,,,,,
Tangshan,Tangshan,GPE,0.40000000,0.37500000,en,1.00000000,4058987-0,1793346,X,39.63333000,118.18332900,ASIA,China,EAS
Maumere,Maumere,GPE,-0.16666667,0.25000000,en,1.00000000,,-1,,,,,,
Ohlman,Ohlman,GPE,0.06666667,0.31666667,en,1.00000000,,-1,,,,,,
Antar,Antar,GPE,0.00000000,0.25000000,en,1.00000000,,-1,,,,,,
​Agency,​Agency,GPE,0.00000000,0.00000000,en,1.00000000,,-1,,,,,,
Northeast Coast,Northeast Coast,LOC,0.43333333,0.73333333,en,1.00000000,,-1,,,,,,
pa,pa,GPE,0.02083333,0.66666667,en,1.00000000,,-1,,,,,,
Kuji,Kuji,GPE,0.10000000,0.52222222,en,1.00000000,,-1,,,,,,
the northeastern coast,the northeastern coast,LOC,0.00000000,0.00000000,en,1.00000000,,-1,,,,,,
the North America,the North America,LOC,0.00000000,0.05000000,en,1.00000000,,-1,,,,,,
northeas,northeas,GPE,0.00000000,0.10000000,en,1.00000000,,-1,,,,,,
Azores,Azores,LOC,0.00000000,0.00000000,en,1.00000000,,-1,,,,,,
Azores archipelago,Azores archipelago,LOC,0.00000000,0.00000000,en,1.00000000,,-1,,,,,,
Midwest,Midwest,LOC,0.20000000,0.45476190,en,1.00000000,,-1,,,,,,
Central West NSW,Central West NSW,LOC,0.00000000,0.25000000,en,1.00000000,,-1,,,,,,
the New South Wales Central West,the New South Wales Central West,LOC,0.06818182,0.35227273,en,1.00000000,,-1,,,,,,
Lasithi,Lasithi,GPE,0.21666667,0.41666667,en,1.00000000,,-1,,,,,,
Hayward Fault,Hayward Fault,LOC,0.00000000,0.00000000,en,1.00000000,,-1,,,,,,
Cal,Cal,GPE,-0.03333333,0.80000000,en,1.00000000,,-1,,,,,,
Silver Lake,Silver Lake,LOC,0.10000000,0.40000000,en,1.00000000,,-1,,,,,,
Magnitude-5.6,Magnitude-5.6,GPE,0.00000000,0.00000000,en,1.00000000,,-1,,,,,,
Yilan Coun… An,Yilan Coun… An,LOC,0.00000000,0.00000000,en,1.00000000,,-1,,,,,,
Potsdam,Potsdam,GPE,-0.10000000,0.10000000,en,1.00000000,4046948-7,2852458,X,52.39885900,13.06565900,EUROPE,Germany,WCE
magnitude-6.0,magnitude-6.0,LOC,0.15000000,0.62500000,en,1.00000000,,-1,,,,,,
Samar island,Samar island,LOC,0.15000000,0.62500000,en,1.00000000,,-1,,,,,,
Sumba,Sumba,GPE,0.00000000,0.00000000,en,1.00000000,,-1,,,,,,
East coast,East coast,LOC,-0.05000000,0.23333333,en,1.00000000,,-1,,,,,,
​Japan,​Japan,GPE,0.00000000,0.00000000,en,1.00000000,,-1,,,,,,
Burlington,Burlington,GPE,0.00000000,0.00000000,en,1.00000000,,-1,,,,,,
NSW Central West,NSW Central West,LOC,0.00000000,0.25000000,en,1.00000000,,-1,,,,,,
South Lake Tahoe,South Lake Tahoe,LOC,0.00000000,0.00000000,en,1.00000000,,-1,,,,,,
Nanded,Nanded,GPE,0.00000000,0.00000000,en,1.00000000,,-1,,,,,,
Pangra Shinde,Pangra Shinde,LOC,-0.05000000,0.20000000,en,1.00000000,,-1,,,,,,
Marathwada,Marathwada,GPE,0.00000000,0.00000000,en,1.00000000,,-1,,,,,,
Batoz,Batoz,GPE,0.21428571,0.64285714,en,1.00000000,,-1,,,,,,
Hungary,Hungary,GPE,0.00000000,0.10000000,en,1.00000000,4078541-5,719819,X,47.00000000,20.00000000,EUROPE,Hungary,WCE
Orbán,Orbán,GPE,0.00000000,0.10000000,en,1.00000000,,-1,,,,,,
SILVER SPRING,SILVER SPRING,GPE,0.00000000,0.00000000,en,1.00000000,,-1,,,,,,
Nev.,Nev.,GPE,0.00000000,0.00000000,en,1.00000000,,-1,,,,,,
Magnitude-4.5,Magnitude-4.5,GPE,0.21428571,0.42857143,en,1.00000000,,-1,,,,,,
Orange,Orange,LOC,0.00000000,0.00000000,en,1.00000000,,-1,,,,,,
Maniwaki,Maniwaki,GPE,0.00000000,0.00000000,en,1.00000000,,-1,,,,,,
Central Tablelands,Central Tablelands,LOC,0.06818182,0.35227273,en,1.00000000,,-1,,,,,,
Pembroke,Pembroke,GPE,0.00000000,0.00000000,en,1.00000000,4228555-0,2640503,X,51.67463900,-4.91286000,EUROPE,United Kingdom,NEU
New York City,New York City,GPE,0.19659091,0.34696970,en,1.00000000,4042011-5,5128581,X,40.71416600,-74.00597000,NORTH-AMERICA,United States,ENA
magnitude-4.5,magnitude-4.5,LOC,0.00000000,0.00000000,en,1.00000000,,-1,,,,,,
Central West,Central West,LOC,0.06818182,0.35227273,en,1.00000000,,-1,,,,,,
N,N,GPE,0.00000000,0.00000000,en,1.00000000,,-1,,,,,,
Mariana,Mariana,LOC,0.00000000,0.00000000,en,1.00000000,,-1,,,,,,
Lett.258,Lett.258,GPE,0.00000000,0.00000000,en,1.00000000,,-1,,,,,,
Derry,Derry,GPE,0.00000000,0.00000000,en,1.00000000,4111374-3,2643736,X,54.99810000,-7.30933900,EUROPE,United Kingdom,NEU
Omachi,Omachi,LOC,0.00000000,0.00000000,en,1.00000000,,-1,,,,,,
NSW Central Tablelands,NSW Central Tablelands,LOC,0.00000000,0.25000000,en,1.00000000,,-1,,,,,,
South Korea,South Korea,GPE,0.00000000,0.00000000,en,1.00000000,4078029-6,1835841,X,37.00000000,127.50000000,ASIA,South Korea,EAS
Chernobyl,Chernobyl,GPE,-0.63333333,0.86666667,en,1.00000000,4127036-8,710403,X,51.27358900,30.22249000,EUROPE,Ukraine,WCE
New York City Suburbs Rattled By Rare Magnitude,New York City Suburbs Rattled By Rare Magnitude,GPE,0.21818182,0.67727273,en,1.00000000,,-1,,,,,,
NYC,NYC,GPE,0.12159091,0.43863636,en,1.00000000,,-1,,,,,,
Liao,Liao,GPE,0.00000000,0.00000000,en,1.00000000,,-1,,,,,,
Yamada Town,Yamada Town,GPE,0.30000000,0.55000000,en,1.00000000,,-1,,,,,,
Mantle,Mantle,LOC,0.00000000,0.40000000,en,1.00000000,,-1,,,,,,
Le Mouel,Le Mouel,GPE,0.00000000,0.00000000,en,1.00000000,,-1,,,,,,
Sikkim,Sikkim,GPE,0.00000000,0.20000000,en,1.00000000,,-1,,,,,,
Zhiqiang,Zhiqiang,GPE,0.09814815,0.39629630,en,1.00000000,,-1,,,,,,
Northern Utah,Northern Utah,GPE,0.00000000,0.00000000,en,1.00000000,,-1,,,,,,
Solang Valley,Solang Valley,LOC,-0.60000000,1.00000000,en,1.00000000,,-1,,,,,,
Türkiyes south,Türkiyes south,GPE,-0.25000000,0.55000000,en,1.00000000,,-1,,,,,,
Antakya,Antakya,GPE,-0.23125000,0.38125000,en,1.00000000,,-1,,,,,,
New Jersey’s,New Jersey’s,GPE,0.22337662,0.40649351,en,1.00000000,,-1,,,,,,
Congressional District,Congressional District,LOC,0.22337662,0.40649351,en,1.00000000,,-1,,,,,,
New Jersey's,New Jersey's,GPE,0.24331710,0.42256494,en,1.00000000,,-1,,,,,,
Camden,Camden,GPE,0.31212121,0.56818182,en,1.00000000,,-1,,,,,,
Yemen,Yemen,GPE,0.31212121,0.56818182,en,1.00000000,4073009-8,69543,X,15.50000000,47.50000000,ASIA,Yemen,ARP
Feb ‌8,Feb ‌8,GPE,0.00000000,0.00000000,en,1.00000000,,-1,,,,,,
Oaxaca,Oaxaca,GPE,0.03333333,0.13333333,en,1.00000000,,-1,,,,,,
Jisoos,Jisoos,LOC,0.00000000,0.00000000,en,1.00000000,,-1,,,,,,
Hyderabad,Hyderabad,GPE,0.00000000,0.50000000,en,1.00000000,,-1,,,,,,
nea,nea,GPE,0.10000000,0.30000000,en,1.00000000,,-1,,,,,,
Antakyas,Antakyas,GPE,0.05000000,0.10000000,en,1.00000000,,-1,,,,,,
the Nantlle Valley,the Nantlle Valley,LOC,0.05000000,0.50000000,en,1.00000000,,-1,,,,,,
Llangollen,Llangollen,GPE,0.05000000,0.50000000,en,1.00000000,,-1,,,,,,
The San Andreas Fault Entering A Very Da,The San Andreas Fault Entering A Very Da,LOC,0.15486111,0.38472222,en,1.00000000,,-1,,,,,,
Seahawks,Seahawks,GPE,0.00000000,0.00000000,en,1.00000000,,-1,,,,,,
Alcosta Boulevard,Alcosta Boulevard,LOC,-0.12500000,0.37500000,en,1.00000000,,-1,,,,,,
Tubu,Tubu,LOC,0.06000000,0.20666667,en,1.00000000,,-1,,,,,,
St. Louis,St. Louis,GPE,-0.12500000,0.37500000,en,1.00000000,4118223-6,4407066,X,38.62727000,-90.19789000,NORTH-AMERICA,United States,CNA
Decatur,Decatur,GPE,-0.12500000,0.37500000,en,1.00000000,,-1,,,,,,
western Quebec,western Quebec,LOC,-0.02500000,0.10000000,en,1.00000000,,-1,,,,,,
Murakami,Murakami,GPE,0.00000000,0.58888889,en,1.00000000,,-1,,,,,,
Antarcticas marine,Antarcticas marine,LOC,0.12500000,0.50000000,en,1.00000000,,-1,,,,,,
Uinta Mountains,Uinta Mountains,GPE,-0.15555556,0.28888889,en,1.00000000,,-1,,,,,,
Korea,Korea,GPE,0.10000000,0.30000000,en,1.00000000,,-1,,,,,,
the Middle Kingdom,the Middle Kingdom,GPE,0.00000000,0.25000000,en,1.00000000,,-1,,,,,,
M. S.,M. S.,GPE,0.00000000,0.00000000,en,1.00000000,,-1,,,,,,
Solid Earth,Solid Earth,LOC,0.00000000,0.10000000,en,1.00000000,,-1,,,,,,
Tewo county,Tewo county,GPE,0.05000000,0.20000000,en,1.00000000,,-1,,,,,,
Around Bay Area,Around Bay Area,LOC,-0.25000000,0.40000000,en,1.00000000,,-1,,,,,,
mont…,mont…,GPE,0.30000000,0.83333333,en,1.00000000,,-1,,,,,,
the Adriatic Sea,the Adriatic Sea,LOC,0.00000000,0.00000000,en,1.00000000,,-1,,,,,,
Hamilton,Hamilton,GPE,-0.02500000,0.13333333,en,1.00000000,,-1,,,,,,
Belleville,Belleville,GPE,-0.02500000,0.13333333,en,1.00000000,,-1,,,,,,
Kingston,Kingston,GPE,-0.02500000,0.13333333,en,1.00000000,,-1,,,,,,
Tu… Ontario,Tu… Ontario,GPE,0.07500000,0.36250000,en,1.00000000,,-1,,,,,,
San…,San…,GPE,0.10000000,0.40000000,en,1.00000000,,-1,,,,,,
San Francisco Bay,San Francisco Bay,LOC,0.00000000,0.00000000,en,1.00000000,,-1,,,,,,
M4.2,M4.2,GPE,0.10000000,0.30000000,en,1.00000000,,-1,,,,,,
San,San,LOC,0.10000000,0.30000000,en,1.00000000,,-1,,,,,,
South Pacific Ocean,South Pacific Ocean,LOC,0.00000000,0.00000000,en,1.00000000,,-1,,,,,,
Northern India,Northern India,LOC,0.40000000,0.90000000,en,1.00000000,,-1,,,,,,
Himalayas,Himalayas,GPE,-0.00666667,0.42435897,en,1.00000000,,-1,,,,,,
the Safari Park,the Safari Park,LOC,0.50000000,0.50000000,en,1.00000000,,-1,,,,,,
West Bengal,West Bengal,LOC,-0.40000000,0.70000000,en,1.00000000,4079196-8,1252881,X,24.00000000,88.00000000,ASIA,India,SAS
KRON,KRON,GPE,0.67500000,0.75000000,en,1.00000000,,-1,,,,,,
TEPCO,TEPCO,GPE,-0.10000000,0.50000000,en,1.00000000,,-1,,,,,,
Doda,Doda,GPE,0.10000000,0.30000000,en,1.00000000,7700984-8,1272476,X,33.14874900,75.54610900,ASIA,India,TIB
Keller,Keller,GPE,0.06250000,0.37500000,en,1.00000000,,-1,,,,,,
Volcano Islands,Volcano Islands,LOC,0.00000000,0.00000000,en,1.00000000,,-1,,,,,,
the North Islands East Coast,the North Islands East Coast,LOC,0.00000000,1.00000000,en,1.00000000,,-1,,,,,,
the United States Geological S,the United States Geological S,GPE,0.00000000,0.00000000,en,1.00000000,,-1,,,,,,
Safari Park,Safari Park,GPE,0.13636364,0.45454545,en,1.00000000,,-1,,,,,,
Elephant Valley,Elephant Valley,LOC,0.13636364,0.45454545,en,1.00000000,,-1,,,,,,
Epirus,Epirus,LOC,0.22777778,0.35555556,en,1.00000000,,-1,,,,,,
'City of Joy','City of Joy',GPE,0.61666667,0.46666667,en,1.00000000,,-1,,,,,,
Leptokarya,Leptokarya,GPE,0.00000000,0.00000000,en,1.00000000,,-1,,,,,,
Thesprotia,Thesprotia,GPE,0.00000000,0.00000000,en,1.00000000,,-1,,,,,,
N.J.,N.J.,GPE,-0.25000000,0.40000000,en,1.00000000,,-1,,,,,,
Tyrrhenian Sea,Tyrrhenian Sea,LOC,0.00000000,0.00000000,en,1.00000000,,-1,,,,,,
Cabo San,Cabo San,GPE,0.06666667,0.23333333,en,1.00000000,,-1,,,,,,
Graham Island,Graham Island,LOC,0.00000000,0.00000000,en,1.00000000,,-1,,,,,,
British Columbia,British Columbia,GPE,0.00000000,0.00000000,en,1.00000000,4069670-4,5909050,X,53.99983000,-125.00320000,NORTH-AMERICA,Canada,NWN
Nice,Nice,GPE,0.40000000,0.72500000,en,1.00000000,4075416-9,2990440,X,43.70313000,7.26607900,EUROPE-AFRICA,France,MED
the Mediterranean Sea,the Mediterranean Sea,LOC,-0.04666667,0.31333333,en,1.00000000,,-1,,,,,,
East Coast,East Coast,LOC,0.12159091,0.43863636,en,1.00000000,,-1,,,,,,
West Bengal's,West Bengal's,GPE,0.00000000,1.00000000,en,1.00000000,,-1,,,,,,
Tehrathum,Tehrathum,GPE,0.00000000,0.00000000,en,1.00000000,,-1,,,,,,
Charleston,Charleston,GPE,0.00000000,0.00000000,en,1.00000000,,-1,,,,,,
Milan,Milan,GPE,0.06250000,0.50000000,en,1.00000000,4037100-1,3173435,X,45.46426900,9.18951000,EUROPE,Italy,WCE
Centerville,Centerville,GPE,0.00000000,0.00000000,en,1.00000000,,-1,,,,,,
Wasatch Front,Wasatch Front,GPE,0.00000000,0.00000000,en,1.00000000,,-1,,,,,,
Midlands,Midlands,GPE,0.35000000,0.65000000,en,1.00000000,,-1,,,,,,
SC,SC,GPE,0.35000000,0.65000000,en,1.00000000,,-1,,,,,,
the Aegean Sea,the Aegean Sea,LOC,0.20000000,1.00000000,en,1.00000000,,-1,,,,,,
Kazakhstan,Kazakhstan,GPE,-0.10000000,0.20000000,en,1.00000000,4029839-5,1522867,X,48.00000000,68.00000000,ASIA,Kazakhstan,WSB
Jishishan County,Jishishan County,GPE,0.00000000,0.00000000,en,1.00000000,,-1,,,,,,
Linxia Prefecture,Linxia Prefecture,GPE,0.00000000,0.00000000,en,1.00000000,,-1,,,,,,
the Tibetan Plateau,the Tibetan Plateau,LOC,0.03750000,0.73750000,en,1.00000000,,-1,,,,,,
‌5.5,‌5.5,GPE,0.00000000,0.00000000,en,1.00000000,,-1,,,,,,
Cameroon,Cameroon,GPE,0.03333333,0.56666667,en,1.00000000,4029413-4,2233387,X,6.00000000,12.00000000,AFRICA,Cameroon,CAF
Panchthar,Panchthar,GPE,0.00000000,0.00000000,en,1.00000000,,-1,,,,,,
Japana,Japana,GPE,-0.45000000,0.65000000,en,1.00000000,,-1,,,,,,
Feb ⁠24,Feb ⁠24,GPE,0.00000000,0.00000000,en,1.00000000,,-1,,,,,,
the St. Elias Mountains,the St. Elias Mountains,LOC,0.30000000,1.00000000,en,1.00000000,,-1,,,,,,
St. Elias Mountains,St. Elias Mountains,LOC,0.12000000,0.58000000,en,1.00000000,,-1,,,,,,
West Coast Mega-Earthquake,West Coast Mega-Earthquake,LOC,0.00000000,0.00000000,en,1.00000000,,-1,,,,,,
Gnowangerup,Gnowangerup,GPE,0.10952381,0.57142857,en,1.00000000,,-1,,,,,,
Western Australia,Western Australia,LOC,0.16666667,0.16666667,en,1.00000000,,-1,,,,,,
Sankhuwasabha-Taplejung,Sankhuwasabha-Taplejung,GPE,0.00000000,0.00000000,en,1.00000000,,-1,,,,,,
Sankhuw,Sankhuw,GPE,0.03333333,0.26666667,en,1.00000000,,-1,,,,,,
Laincha,Laincha,GPE,-0.10000000,0.10000000,en,1.00000000,,-1,,,,,,
Americas Pacific Northwest,Americas Pacific Northwest,LOC,0.44545455,0.70000000,en,1.00000000,,-1,,,,,,
