week,sentiment_mean,sentiment_std,subjectivity_mean,subjectivity_std,counting
2025-40,-0.11565098501359074,0.7253197636887575,-0.15227699976565906,0.6411931958608204,29.0
2025-41,0.10415685131403297,0.788952071434432,0.2156158799176882,0.7811720003109766,47.0
2025-42,-0.007473785031637839,0.8488368000616432,0.2047733771742385,0.9231420908751736,29.0
2025-43,0.01229443101576669,0.6690399455222856,-0.0035927540486612665,0.8057021367282275,50.0
2025-44,-0.01773105253242781,0.7841079411842955,0.06633875569210049,0.7841642037918507,119.0
2025-45,0.3355235989773594,0.8539323770597504,0.5954937331354111,0.5371655402139535,14.0
