topic,sentiment_mean,sentiment_std,subjectivity_mean,subjectivity_std,counting
Adaptation,0.10580735378664378,0.8269546170264347,0.0736360145103744,0.7438729032567002,49.0
Causes,-0.05072976757192477,0.8638415179579108,0.07046889618587315,0.8322855471971861,49.0
Hazard,0.02910874841923628,0.9003616035435099,0.05137341877132316,0.9142408624353763,941.0
Impacts,-0.04491564253172827,0.8052367067741876,-0.06706146855734813,0.8953249051056321,179.0
Mitigation,-0.08491984909912328,0.9648947226856885,0.21680517875081512,0.8705349824553861,97.0
