topic,sentiment_mean,sentiment_std,subjectivity_mean,subjectivity_std,counting
Adaptation,0.03985647426420002,0.8798923835199551,0.0995663453603563,0.7202854075645251,33.0
Causes,-0.005862738903821354,0.9285693752816641,0.09127215660674944,0.8825221411424237,39.0
Hazard,0.0327429285926964,0.8832999439075928,0.06744644343173593,0.8800435073980416,619.0
Impacts,-0.009864786940373077,0.7495235214651575,-0.0649375466376188,0.9354462033843232,135.0
Mitigation,-0.12008057158629376,0.8986584354232858,0.19624212266560723,0.8476551576358473,71.0
