topic,sentiment_mean,sentiment_std,subjectivity_mean,subjectivity_std,counting
Adaptation,0.1341229479703748,0.8322298486012467,0.08999752928347525,0.7357531876628871,44.0
Causes,-0.06514262742210879,0.8723606485141641,0.07697152717201299,0.8432796984558553,47.0
Hazard,0.03327657678761473,0.9003234150170436,0.05719325367557234,0.9128676732149191,874.0
Impacts,-0.04818894861515896,0.8012883682041052,-0.09680216356121826,0.899605492347406,170.0
Mitigation,-0.11696356373254063,0.9427293318590394,0.22023370654878976,0.846752517589865,89.0
